Group_Index,Predicted_Max_Index,Actual_Max_Index,Match
1,10,2,0
2,5,5,1
3,3,3,1
4,10,5,0
5,4,4,1
6,2,2,1
7,1,8,0
8,3,3,1
9,7,4,0
10,2,2,1
11,9,9,1
12,7,7,1
13,2,2,1
14,4,4,1
15,8,8,1
16,7,7,1
17,9,9,1
18,8,8,1
19,1,1,1
20,5,5,1
21,9,9,1
22,6,6,1
23,10,3,0
24,9,9,1
25,3,1,0
26,7,7,1
27,2,2,1
28,10,2,0
29,3,10,0
30,8,8,1
31,9,9,1
32,6,6,1
33,4,4,1
34,7,7,1
35,7,7,1
36,6,6,1
37,10,2,0
38,1,1,1
39,8,8,1
40,8,8,1
41,8,8,1
42,6,6,1
43,9,9,1
44,8,8,1
45,10,4,0
46,5,3,0
47,5,5,1
48,4,4,1
49,4,4,1
50,10,7,0
51,10,10,1
52,9,9,1
53,2,2,1
54,2,2,1
55,9,9,1
56,2,2,1
57,3,3,1
58,5,5,1
59,7,3,0
60,8,8,1
61,7,7,1
62,4,4,1
63,2,2,1
64,5,5,1
65,4,4,1
66,4,4,1
67,1,1,1
68,7,7,1
69,6,6,1
70,5,5,1
71,3,3,1
72,4,4,1
73,9,9,1
74,1,1,1
75,8,8,1
76,8,8,1
77,7,7,1
78,6,6,1
79,4,4,1
80,7,7,1
81,5,5,1
82,10,2,0
83,1,1,1
84,6,6,1
85,4,4,1
86,3,3,1
87,10,5,0
88,7,7,1
89,4,4,1
90,5,5,1
91,2,2,1
92,7,7,1
93,3,3,1
94,4,4,1
95,7,7,1
96,5,5,1
97,4,4,1
98,9,9,1
99,9,8,0
100,5,5,1
101,4,4,1
102,2,2,1
103,2,2,1
104,3,3,1
105,1,1,1
106,1,1,1
107,7,7,1
108,7,7,1
109,6,6,1
110,6,6,1
111,3,3,1
112,3,3,1
113,1,1,1
114,7,7,1
115,3,3,1
116,2,2,1
117,8,8,1
118,8,8,1
119,5,5,1
120,4,4,1
121,3,3,1
122,3,7,0
123,6,6,1
124,7,7,1
125,4,4,1
126,4,4,1
127,8,8,1
128,6,6,1
129,9,9,1
130,10,7,0
131,2,9,0
132,8,8,1
133,2,2,1
134,1,1,1
135,4,4,1
136,9,9,1
137,2,2,1
138,1,1,1
139,2,2,1
140,10,9,0
141,6,9,0
142,9,9,1
143,6,6,1
144,5,5,1
145,1,1,1
146,9,9,1
147,7,7,1
148,6,9,0
149,9,9,1
150,2,2,1
151,8,8,1
152,8,8,1
153,3,3,1
154,1,1,1
155,2,2,1
156,5,5,1
157,6,6,1
158,7,7,1
159,4,4,1
160,4,4,1
161,9,9,1
162,7,7,1
163,6,6,1
164,10,10,1
165,3,3,1
166,8,8,1
167,8,8,1
168,3,3,1
169,6,10,0
170,5,5,1
171,9,9,1
172,10,1,0
173,1,10,0
174,8,8,1
175,8,8,1
176,3,3,1
177,2,2,1
178,10,3,0
179,10,3,0
180,2,2,1
181,8,8,1
182,2,2,1
183,5,5,1
184,10,6,0
185,1,9,0
186,7,7,1
187,9,9,1
188,9,9,1
189,3,3,1
190,10,7,0
191,4,10,0
192,9,9,1
193,4,4,1
194,6,6,1
195,9,9,1
196,5,5,1
197,10,3,0
198,6,4,0
199,8,8,1
200,2,2,1
201,6,6,1
202,7,7,1
203,5,5,1
204,6,6,1
205,1,8,0
206,6,6,1
207,5,5,1
208,7,7,1
209,9,4,0
210,5,5,1
211,8,8,1
212,4,4,1
213,7,7,1
214,8,8,1
215,2,2,1
216,6,6,1
217,4,4,1
218,2,8,0
219,5,5,1
220,5,5,1
221,2,2,1
222,5,5,1
223,3,3,1
224,4,4,1
225,9,9,1
226,6,6,1
227,2,2,1
228,5,5,1
229,1,1,1
230,9,9,1
231,5,5,1
232,1,1,1
233,1,1,1
234,3,3,1
235,4,4,1
236,8,8,1
237,5,5,1
238,10,3,0
239,6,10,0
240,4,4,1
241,7,5,0
242,9,9,1
243,9,9,1
244,4,4,1
245,7,7,1
246,2,3,0
247,6,6,1
248,7,7,1
249,5,5,1
250,2,2,1
251,5,5,1
252,9,9,1
253,9,9,1
254,8,8,1
255,1,1,1
256,2,2,1
257,6,6,1
258,9,9,1
259,5,5,1
260,1,1,1
261,6,6,1
262,8,8,1
263,6,6,1
264,3,3,1
265,8,8,1
266,1,2,0
267,7,7,1
268,3,3,1
269,2,2,1
270,10,4,0
271,4,5,0
272,3,3,1
273,1,1,1
274,4,4,1
275,2,3,0
276,10,2,0
277,8,8,1
278,9,9,1
279,8,8,1
280,2,2,1
281,10,6,0
282,4,4,1
283,9,9,1
284,1,3,0
285,4,4,1
286,7,7,1
287,7,7,1
288,1,1,1
289,10,8,0
290,5,6,0
291,1,1,1
292,9,9,1
293,6,6,1
294,3,3,1
295,8,8,1
296,7,7,1
297,4,4,1
298,2,2,1
299,8,8,1
300,3,3,1
301,1,1,1
302,9,9,1
303,2,2,1
304,4,4,1
305,10,8,0
306,5,9,0
307,7,9,0
308,5,5,1
309,2,2,1
310,1,1,1
311,6,6,1
312,3,3,1
313,10,10,1
314,8,5,0
315,6,6,1
316,9,9,1
317,8,8,1
318,5,5,1
319,10,10,1
320,9,8,0
321,6,6,1
322,7,7,1
323,5,5,1
324,1,1,1
325,5,5,1
326,10,2,0
327,6,3,0
328,9,9,1
329,1,1,1
330,2,2,1
331,7,7,1
332,3,3,1
333,4,4,1
334,3,3,1
335,7,7,1
336,9,9,1
337,6,6,1
338,8,8,1
339,2,2,1
340,10,6,0
341,8,3,0
342,3,3,1
343,6,6,1
344,8,5,0
345,3,3,1
346,7,7,1
347,6,6,1
348,8,8,1
349,2,2,1
350,5,5,1
351,4,4,1
352,8,8,1
353,7,7,1
354,1,1,1
355,2,2,1
356,6,6,1
357,4,4,1
358,7,7,1
359,4,4,1
360,4,4,1
361,7,7,1
362,5,5,1
363,4,4,1
364,4,4,1
365,7,7,1
366,1,1,1
367,8,8,1
368,5,5,1
369,10,3,0
370,3,1,0
371,6,6,1
372,10,1,0
373,3,7,0
374,8,8,1
375,4,4,1
376,3,3,1
377,4,4,1
378,1,1,1
379,5,5,1
380,6,6,1
381,7,7,1
382,3,3,1
383,9,9,1
384,5,10,0
385,5,5,1
386,8,8,1
387,4,4,1
388,8,8,1
389,10,3,0
390,10,10,1
391,3,2,0
392,7,7,1
393,7,7,1
394,3,3,1
395,7,7,1
396,5,5,1
397,3,3,1
398,7,7,1
399,6,6,1
400,9,9,1
401,4,5,0
402,6,6,1
403,10,1,0
404,8,8,1
405,8,8,1
406,6,6,1
407,2,2,1
408,2,2,1
409,7,7,1
410,9,9,1
411,3,3,1
412,3,6,0
413,4,4,1
414,4,4,1
415,7,7,1
416,6,6,1
417,7,7,1
418,5,5,1
419,2,2,1
420,1,1,1
421,7,7,1
422,1,1,1
423,2,2,1
424,5,5,1
425,4,4,1
426,5,5,1
427,4,4,1
428,2,2,1
429,2,2,1
430,1,1,1
431,9,9,1
432,4,4,1
433,5,5,1
434,8,8,1
435,2,2,1
436,5,5,1
437,7,7,1
438,1,7,0
439,4,4,1
440,1,1,1
441,10,6,0
442,7,7,1
443,10,4,0
444,2,9,0
445,3,3,1
446,5,5,1
447,8,1,0
448,7,7,1
449,9,9,1
450,5,5,1
451,6,6,1
452,5,5,1
453,1,1,1
454,6,6,1
455,5,5,1
456,4,4,1
457,9,9,1
458,10,10,1
459,2,2,1
460,2,2,1
461,9,9,1
462,4,4,1
463,7,7,1
464,6,6,1
465,1,1,1
466,4,4,1
467,4,4,1
468,1,1,1
469,8,8,1
470,5,5,1
471,7,7,1
472,9,9,1
473,7,7,1
474,8,5,0
475,7,7,1
476,4,4,1
477,4,4,1
478,3,3,1
479,9,9,1
480,9,9,1
481,7,7,1
482,5,5,1
483,9,9,1
484,10,9,0
485,10,10,1
486,3,2,0
487,10,2,0
488,10,8,0
489,5,6,0
490,2,2,1
491,4,4,1
492,1,1,1
493,3,3,1
494,9,9,1
495,6,4,0
496,5,5,1
497,1,1,1
498,4,4,1
499,2,2,1
500,7,7,1
501,7,7,1
502,9,9,1
503,6,6,1
504,7,7,1
505,6,6,1
506,4,4,1
507,2,2,1
508,6,6,1
509,10,9,0
510,8,5,0
511,7,7,1
512,4,4,1
513,10,5,0
514,6,1,0
515,4,4,1
516,5,5,1
517,8,8,1
518,3,3,1
519,4,4,1
520,5,5,1
521,9,9,1
522,9,9,1
523,10,10,1
524,5,9,0
525,8,8,1
526,2,2,1
527,3,3,1
528,8,8,1
529,7,7,1
530,5,5,1
531,3,3,1
532,3,3,1
533,9,9,1
534,2,2,1
535,8,8,1
536,7,7,1
537,2,2,1
538,4,4,1
539,6,6,1
540,9,9,1
541,5,5,1
542,3,3,1
543,2,2,1
544,2,2,1
545,5,5,1
546,10,3,0
547,6,10,0
548,8,8,1
549,9,9,1
550,6,6,1
551,5,5,1
552,2,2,1
553,5,5,1
554,5,5,1
555,3,3,1
556,5,5,1
557,6,9,0
558,1,1,1
559,1,1,1
560,1,1,1
561,10,4,0
562,7,7,1
563,3,3,1
564,9,9,1
565,2,4,0
566,1,1,1
567,7,1,0
568,10,3,0
569,5,3,0
570,5,5,1
571,7,7,1
572,7,7,1
573,6,6,1
574,4,4,1
575,9,9,1
576,8,9,0
577,2,2,1
578,6,6,1
579,3,3,1
580,3,3,1
581,9,9,1
582,9,9,1
583,2,2,1
584,2,2,1
585,9,9,1
586,8,8,1
587,1,1,1
588,10,7,0
589,8,8,1
590,7,7,1
591,6,4,0
592,1,1,1
593,3,3,1
594,6,6,1
595,1,1,1
596,10,3,0
597,5,10,0
598,4,4,1
599,6,6,1
600,3,3,1
601,6,6,1
602,9,9,1
603,9,9,1
604,9,9,1
605,3,3,1
606,8,8,1
607,10,6,0
608,8,7,0
609,3,3,1
610,8,8,1
611,3,3,1
612,9,9,1
613,6,6,1
614,8,8,1
615,1,1,1
616,5,5,1
617,5,5,1
618,5,5,1
619,7,7,1
620,2,2,1
621,1,1,1
622,6,6,1
623,9,9,1
624,6,1,0
625,6,6,1
626,7,7,1
627,7,7,1
628,9,9,1
629,3,3,1
630,8,8,1
631,1,1,1
632,10,7,0
633,7,8,0
634,4,4,1
635,9,9,1
636,9,9,1
637,9,9,1
638,8,8,1
639,4,4,1
640,5,3,0
641,5,8,0
642,5,5,1
643,9,9,1
644,5,5,1
645,7,2,0
646,5,8,0
647,3,3,1
648,6,6,1
649,1,1,1
650,7,7,1
651,2,2,1
652,10,2,0
653,9,9,1
654,9,9,1
655,10,4,0
656,2,2,1
657,8,8,1
658,9,9,1
659,8,8,1
660,1,1,1
661,2,2,1
662,4,4,1
663,5,5,1
664,6,6,1
665,5,5,1
666,4,4,1
667,1,1,1
668,4,4,1
669,1,1,1
670,5,2,0
671,9,9,1
672,1,1,1
673,5,5,1
674,5,1,0
675,1,1,1
676,2,3,0
677,7,7,1
678,6,6,1
679,9,9,1
680,3,3,1
681,5,5,1
682,5,5,1
683,2,2,1
684,7,7,1
685,7,7,1
686,5,5,1
687,7,7,1
688,2,2,1
689,3,3,1
690,9,9,1
691,10,9,0
692,10,10,1
693,5,9,0
694,6,6,1
695,9,9,1
696,6,6,1
697,6,6,1
698,7,7,1
699,2,2,1
700,1,1,1
701,10,5,0
702,10,8,0
703,5,5,1
704,10,10,1
705,5,5,1
706,6,6,1
707,9,9,1
708,5,5,1
709,8,8,1
710,2,2,1
711,4,4,1
712,8,8,1
713,8,8,1
714,9,10,0
715,8,8,1
716,6,6,1
717,7,7,1
718,7,7,1
719,1,1,1
720,2,2,1
721,10,9,0
722,6,2,0
723,2,2,1
724,9,9,1
725,6,6,1
726,5,5,1
727,3,3,1
728,6,6,1
729,5,5,1
730,1,1,1
731,9,9,1
732,5,5,1
733,2,2,1
734,3,3,1
735,4,5,0
736,4,4,1
737,1,1,1
738,2,2,1
739,8,8,1
740,2,2,1
741,4,4,1
742,9,9,1
743,4,4,1
744,7,7,1
745,2,2,1
746,4,4,1
747,8,8,1
748,7,7,1
749,2,2,1
750,7,7,1
751,9,9,1
752,1,1,1
753,9,9,1
754,3,3,1
755,4,4,1
756,8,8,1
757,4,4,1
758,2,6,0
759,1,1,1
760,4,4,1
761,8,8,1
762,5,5,1
763,4,4,1
764,5,2,0
765,3,3,1
766,2,2,1
767,3,3,1
768,7,7,1
769,1,1,1
770,9,6,0
771,5,5,1
772,2,3,0
773,2,2,1
774,1,1,1
775,7,7,1
776,2,2,1
777,6,3,0
778,7,7,1
779,4,4,1
780,6,6,1
781,4,4,1
782,4,4,1
783,1,1,1
784,6,6,1
785,3,5,0
786,2,2,1
787,2,2,1
788,7,7,1
789,1,1,1
790,9,9,1
791,10,2,0
792,2,10,0
793,2,2,1
794,3,3,1
795,8,8,1
796,4,4,1
797,8,8,1
798,10,1,0
799,10,10,1
800,5,5,1
801,9,9,1
802,7,7,1
803,4,4,1
804,4,4,1
805,7,7,1
806,5,9,0
807,4,4,1
808,9,9,1
809,8,8,1
810,10,1,0
811,4,10,0
812,3,3,1
813,6,6,1
814,4,9,0
815,9,9,1
816,2,2,1
817,5,5,1
818,6,6,1
819,1,1,1
820,2,2,1
821,8,8,1
822,5,5,1
823,8,8,1
824,3,3,1
825,5,5,1
826,2,2,1
827,3,3,1
828,4,4,1
829,5,5,1
830,3,3,1
831,7,7,1
832,1,1,1
833,1,9,0
834,7,7,1
835,10,1,0
836,2,10,0
837,7,7,1
838,8,8,1
839,8,8,1
840,9,9,1
841,2,2,1
842,9,9,1
843,4,4,1
844,7,10,0
845,7,7,1
846,5,5,1
847,9,7,0
848,9,9,1
849,6,6,1
850,7,7,1
851,3,3,1
852,4,4,1
853,2,2,1
854,9,9,1
855,4,4,1
856,5,5,1
857,4,4,1
858,2,2,1
859,7,7,1
860,1,1,1
861,4,4,1
862,3,3,1
863,4,4,1
864,5,5,1
865,9,9,1
866,4,4,1
867,4,4,1
868,8,8,1
869,2,2,1
870,2,2,1
871,8,8,1
872,1,1,1
873,5,5,1
874,3,3,1
875,4,4,1
876,5,5,1
877,5,5,1
878,6,6,1
879,6,6,1
880,1,1,1
881,7,7,1
882,7,7,1
883,9,9,1
884,2,2,1
885,8,8,1
886,3,3,1
887,3,3,1
888,9,9,1
889,2,2,1
890,7,7,1
891,2,2,1
892,1,1,1
893,2,2,1
894,5,5,1
895,2,2,1
896,5,5,1
897,8,8,1
898,6,2,0
899,2,2,1
900,6,6,1
901,1,8,0
902,5,5,1
903,7,7,1
904,6,6,1
905,9,6,0
906,9,9,1
907,10,10,1
908,10,10,1
909,5,10,0
910,1,1,1
911,1,1,1
912,1,1,1
913,4,4,1
914,2,2,1
915,8,8,1
916,3,3,1
917,1,1,1
918,6,6,1
919,5,5,1
920,6,6,1
921,7,7,1
922,5,5,1
923,2,2,1
924,5,5,1
925,1,1,1
926,7,7,1
927,8,8,1
928,9,9,1
929,5,5,1
930,4,4,1
931,8,8,1
932,5,5,1
933,10,3,0
934,10,1,0
935,1,10,0
936,10,6,0
937,10,10,1
938,1,7,0
939,5,5,1
940,9,9,1
941,2,2,1
942,5,5,1
943,8,8,1
944,1,1,1
945,9,9,1
946,2,2,1
947,2,2,1
948,6,6,1
949,4,4,1
950,5,5,1
951,4,4,1
952,2,2,1
953,2,2,1
954,6,6,1
955,8,8,1
956,7,7,1
957,8,8,1
958,8,8,1
959,4,4,1
960,6,6,1
961,5,5,1
962,4,4,1
963,3,3,1
964,3,3,1
965,5,5,1
966,1,2,0
967,6,6,1
968,7,7,1
969,4,4,1
970,4,4,1
971,7,7,1
972,2,2,1
973,3,3,1
974,10,8,0
975,3,3,1
976,6,6,1
977,8,8,1
978,7,7,1
979,4,4,1
980,1,1,1
981,3,3,1
982,1,1,1
983,6,6,1
984,1,1,1
985,2,2,1
986,5,2,0
987,7,7,1
988,9,9,1
989,2,2,1
990,10,7,0
991,5,4,0
992,4,4,1
993,9,9,1
994,2,2,1
995,3,3,1
996,1,4,0
997,2,9,0
998,3,2,0
999,1,1,1
1000,8,8,1
1001,9,9,1
1002,7,7,1
1003,8,8,1
1004,1,1,1
1005,2,2,1
1006,9,9,1
1007,8,8,1
1008,4,4,1
1009,4,4,1
1010,6,6,1
1011,6,6,1
1012,9,9,1
1013,8,8,1
1014,10,9,0
1015,10,10,1
1016,4,4,1
1017,10,4,0
1018,5,5,1
1019,9,9,1
1020,2,2,1
1021,5,5,1
1022,4,4,1
1023,3,3,1
1024,6,6,1
1025,2,2,1
1026,8,8,1
1027,4,4,1
1028,9,1,0
1029,2,2,1
1030,1,1,1
1031,10,7,0
1032,9,5,0
1033,1,1,1
1034,4,4,1
1035,7,7,1
1036,10,7,0
1037,8,4,0
1038,9,9,1
1039,1,1,1
1040,1,1,1
1041,2,2,1
1042,2,2,1
1043,3,3,1
1044,1,3,0
1045,4,4,1
1046,1,1,1
1047,6,6,1
1048,3,3,1
1049,2,2,1
1050,4,4,1
1051,3,3,1
1052,3,3,1
1053,1,1,1
1054,4,4,1
1055,5,5,1
1056,6,6,1
1057,4,4,1
1058,9,9,1
1059,2,6,0
1060,3,3,1
1061,10,10,1
1062,2,10,0
1063,7,7,1
1064,7,7,1
1065,2,2,1
1066,1,1,1
1067,7,7,1
1068,5,5,1
1069,7,7,1
1070,4,4,1
1071,9,9,1
1072,9,9,1
1073,9,9,1
1074,3,3,1
1075,5,5,1
1076,9,9,1
1077,9,9,1
1078,4,4,1
1079,1,1,1
1080,8,8,1
1081,4,4,1
1082,3,3,1
1083,3,3,1
1084,9,9,1
1085,9,5,0
1086,5,5,1
1087,2,2,1
1088,5,5,1
1089,7,4,0
1090,5,5,1
1091,2,2,1
1092,4,4,1
1093,3,3,1
1094,7,3,0
1095,4,4,1
1096,7,7,1
1097,1,1,1
1098,4,4,1
1099,2,2,1
1100,6,6,1
1101,4,4,1
1102,5,5,1
1103,3,3,1
1104,7,7,1
1105,2,2,1
1106,1,1,1
1107,1,1,1
1108,8,8,1
1109,6,6,1
1110,8,8,1
1111,7,7,1
1112,5,5,1
1113,9,9,1
1114,5,5,1
1115,5,5,1
1116,5,5,1
1117,5,5,1
1118,2,2,1
1119,4,4,1
1120,5,5,1
1121,4,4,1
1122,3,3,1
1123,7,1,0
1124,5,5,1
1125,9,9,1
1126,5,5,1
1127,7,4,0
1128,1,1,1
1129,10,10,1
1130,2,4,0
1131,6,6,1
1132,6,6,1
1133,2,2,1
1134,3,3,1
1135,10,8,0
1136,10,10,1
1137,7,8,0
1138,9,9,1
1139,8,8,1
1140,3,3,1
1141,7,7,1
1142,4,4,1
1143,5,5,1
1144,5,5,1
1145,1,1,1
1146,4,3,0
1147,3,3,1
1148,7,7,1
1149,9,9,1
1150,9,9,1
1151,1,1,1
1152,2,2,1
1153,2,2,1
1154,1,1,1
1155,3,3,1
1156,9,9,1
1157,6,6,1
1158,9,1,0
1159,8,8,1
1160,10,3,0
1161,10,10,1
1162,8,8,1
1163,4,8,0
1164,4,4,1
1165,1,1,1
1166,5,5,1
1167,1,1,1
1168,7,8,0
1169,4,4,1
1170,4,4,1
1171,1,1,1
1172,2,2,1
1173,5,5,1
1174,2,2,1
1175,7,9,0
1176,7,7,1
1177,9,9,1
1178,7,7,1
1179,3,3,1
1180,3,3,1
1181,5,5,1
1182,1,1,1
1183,9,9,1
1184,3,3,1
1185,3,3,1
1186,9,9,1
1187,2,2,1
1188,8,8,1
1189,2,2,1
1190,1,1,1
1191,7,7,1
1192,6,6,1
1193,8,8,1
1194,7,7,1
1195,6,6,1
1196,9,9,1
1197,3,3,1
1198,3,3,1
1199,9,9,1
1200,3,5,0
1201,9,9,1
1202,5,5,1
1203,3,3,1
1204,9,9,1
1205,5,5,1
1206,2,2,1
1207,5,5,1
1208,4,4,1
1209,3,3,1
1210,9,9,1
1211,9,9,1
1212,4,4,1
1213,7,7,1
1214,8,8,1
1215,7,7,1
1216,3,3,1
1217,2,2,1
1218,2,2,1
1219,5,5,1
1220,7,7,1
1221,1,5,0
1222,4,4,1
1223,8,8,1
1224,7,7,1
1225,2,2,1
1226,6,6,1
1227,9,9,1
1228,1,1,1
1229,5,5,1
1230,9,9,1
1231,6,6,1
1232,6,6,1
1233,8,8,1
1234,6,6,1
1235,4,4,1
1236,8,8,1
1237,3,3,1
1238,1,1,1
1239,5,5,1
1240,4,4,1
1241,9,9,1
1242,10,7,0
1243,10,10,1
1244,5,5,1
1245,9,9,1
1246,7,7,1
1247,5,6,0
1248,4,4,1
1249,4,4,1
1250,1,1,1
1251,5,5,1
1252,10,2,0
1253,6,10,0
1254,8,8,1
1255,8,8,1
1256,1,1,1
1257,1,1,1
1258,3,3,1
1259,7,7,1
1260,2,2,1
1261,4,4,1
1262,10,1,0
1263,9,6,0
1264,5,5,1
1265,3,3,1
1266,3,3,1
1267,4,4,1
1268,6,6,1
1269,1,1,1
1270,4,4,1
1271,6,6,1
1272,9,9,1
1273,1,1,1
1274,6,6,1
1275,1,1,1
1276,8,8,1
1277,8,8,1
1278,2,2,1
1279,7,7,1
1280,1,1,1
1281,7,7,1
1282,10,7,0
1283,3,4,0
1284,5,5,1
1285,3,3,1
1286,7,7,1
1287,4,4,1
1288,1,1,1
1289,9,9,1
1290,1,1,1
1291,9,9,1
1292,4,4,1
1293,3,3,1
1294,9,9,1
1295,6,6,1
1296,2,2,1
1297,6,6,1
1298,7,7,1
1299,7,7,1
1300,2,2,1
1301,6,6,1
1302,8,8,1
1303,6,6,1
1304,9,6,0
1305,9,9,1
1306,1,1,1
1307,8,8,1
1308,5,5,1
1309,8,5,0
1310,9,9,1
1311,2,2,1
1312,1,1,1
1313,3,3,1
1314,5,5,1
1315,9,9,1
1316,3,3,1
1317,9,9,1
1318,10,4,0
1319,2,2,1
1320,6,6,1
1321,4,4,1
1322,1,1,1
1323,8,8,1
1324,10,10,1
1325,2,5,0
1326,10,7,0
1327,10,9,0
1328,4,4,1
1329,1,1,1
1330,8,8,1
1331,5,5,1
1332,3,3,1
1333,10,6,0
1334,7,4,0
1335,3,3,1
1336,10,2,0
1337,10,10,1
1338,10,9,0
1339,10,10,1
1340,1,6,0
1341,8,8,1
1342,9,9,1
1343,10,7,0
1344,6,3,0
1345,5,5,1
1346,10,4,0
1347,10,2,0
1348,7,7,1
1349,8,8,1
1350,7,7,1
1351,9,9,1
1352,6,6,1
1353,2,2,1
1354,5,5,1
1355,6,6,1
1356,10,4,0
1357,6,6,1
1358,4,4,1
1359,3,3,1
1360,7,2,0
1361,4,4,1
1362,6,6,1
1363,8,8,1
1364,4,1,0
1365,1,1,1
1366,7,7,1
1367,7,7,1
1368,8,8,1
1369,5,5,1
1370,6,6,1
1371,9,9,1
1372,9,9,1
1373,5,5,1
1374,5,5,1
1375,5,5,1
1376,3,3,1
1377,2,2,1
1378,7,7,1
1379,7,7,1
1380,9,9,1
1381,10,8,0
1382,5,3,0
1383,2,2,1
1384,6,5,0
1385,10,9,0
1386,10,10,1
1387,10,3,0
1388,8,8,1
1389,7,7,1
1390,1,1,1
1391,2,2,1
1392,10,5,0
1393,3,7,0
1394,9,9,1
1395,9,3,0
1396,8,8,1
1397,1,1,1
1398,8,8,1
1399,4,4,1
1400,1,5,0
1401,6,6,1
1402,9,9,1
1403,1,1,1
1404,6,6,1
1405,5,5,1
1406,5,5,1
1407,4,4,1
1408,8,8,1
1409,1,3,0
1410,5,5,1
1411,6,6,1
1412,9,9,1
1413,4,4,1
1414,9,9,1
1415,3,3,1
1416,4,4,1
1417,8,8,1
1418,9,9,1
1419,6,6,1
1420,7,7,1
1421,10,4,0
1422,2,2,1
1423,3,3,1
1424,4,4,1
1425,7,7,1
1426,10,7,0
1427,4,4,1
1428,5,5,1
1429,6,6,1
1430,5,5,1
1431,8,8,1
1432,9,9,1
1433,2,2,1
1434,6,3,0
1435,8,8,1
1436,7,7,1
1437,2,2,1
1438,8,8,1
1439,5,5,1
1440,7,7,1
1441,8,8,1
1442,6,6,1
1443,3,3,1
1444,9,9,1
1445,6,6,1
1446,7,7,1
1447,5,6,0
1448,8,8,1
1449,2,2,1
1450,1,1,1
1451,3,3,1
1452,7,7,1
1453,8,8,1
1454,4,4,1
1455,3,3,1
1456,8,8,1
1457,5,5,1
1458,8,8,1
1459,10,2,0
1460,2,2,1
1461,5,5,1
1462,4,4,1
1463,5,5,1
1464,1,1,1
1465,3,3,1
1466,5,5,1
1467,5,5,1
1468,9,9,1
1469,8,8,1
1470,3,3,1
1471,3,3,1
1472,3,5,0
1473,4,4,1
1474,1,1,1
1475,10,1,0
1476,10,4,0
1477,9,9,1
1478,3,3,1
1479,10,6,0
1480,2,1,0
1481,5,5,1
1482,2,2,1
1483,3,3,1
1484,2,2,1
1485,9,9,1
1486,1,1,1
1487,6,6,1
1488,3,5,0
1489,9,9,1
1490,5,5,1
1491,7,7,1
1492,8,8,1
1493,1,1,1
1494,3,3,1
1495,5,5,1
1496,4,4,1
1497,2,2,1
1498,8,8,1
1499,7,7,1
1500,9,9,1
1501,4,4,1
1502,3,3,1
1503,7,7,1
1504,3,3,1
1505,1,1,1
1506,2,2,1
1507,6,6,1
1508,3,3,1
1509,9,1,0
1510,7,7,1
1511,5,5,1
1512,10,3,0
1513,4,4,1
1514,5,3,0
1515,4,4,1
1516,3,3,1
1517,6,6,1
1518,8,8,1
1519,5,5,1
1520,6,6,1
1521,8,8,1
1522,3,3,1
1523,6,6,1
1524,4,4,1
1525,6,6,1
1526,1,1,1
1527,7,7,1
1528,10,10,1
1529,9,9,1
1530,7,7,1
1531,7,7,1
1532,9,9,1
1533,3,3,1
1534,1,1,1
1535,7,7,1
1536,7,7,1
1537,8,8,1
1538,3,3,1
1539,4,4,1
1540,6,6,1
1541,9,9,1
1542,9,9,1
1543,9,6,0
1544,3,4,0
1545,10,3,0
1546,9,10,0
1547,3,1,0
1548,10,2,0
1549,1,8,0
1550,1,1,1
1551,2,2,1
1552,7,7,1
1553,2,2,1
1554,1,1,1
1555,4,4,1
1556,2,2,1
1557,2,2,1
1558,1,1,1
1559,8,8,1
1560,8,8,1
1561,7,7,1
1562,7,7,1
1563,8,8,1
1564,8,8,1
1565,5,5,1
1566,3,3,1
1567,3,3,1
1568,10,9,0
1569,9,6,0
1570,7,7,1
1571,8,8,1
1572,4,4,1
1573,9,9,1
1574,4,4,1
1575,5,5,1
1576,2,2,1
1577,7,7,1
1578,8,8,1
1579,7,7,1
1580,8,8,1
1581,2,9,0
1582,6,6,1
1583,9,9,1
1584,8,8,1
1585,3,5,0
1586,2,2,1
1587,7,7,1
1588,8,8,1
1589,1,1,1
1590,1,1,1
1591,2,2,1
1592,3,3,1
1593,1,1,1
1594,6,6,1
1595,2,2,1
1596,3,3,1
1597,9,9,1
1598,3,3,1
1599,5,9,0
1600,5,5,1
1601,8,8,1
1602,10,3,0
1603,2,8,0
1604,3,3,1
1605,1,1,1
1606,9,9,1
1607,6,10,0
1608,1,1,1
1609,8,8,1
1610,3,3,1
1611,4,4,1
1612,2,2,1
1613,1,4,0
1614,2,2,1
1615,1,1,1
1616,2,2,1
1617,4,4,1
1618,2,2,1
1619,10,8,0
1620,3,3,1
1621,1,1,1
1622,8,2,0
1623,2,2,1
1624,6,6,1
1625,6,6,1
1626,5,5,1
1627,5,5,1
1628,3,3,1
1629,9,9,1
1630,10,7,0
1631,8,1,0
1632,6,6,1
1633,7,1,0
1634,4,4,1
1635,6,6,1
1636,8,8,1
1637,5,5,1
1638,8,8,1
1639,3,3,1
1640,6,6,1
1641,6,6,1
1642,10,5,0
1643,10,3,0
1644,4,4,1
1645,7,7,1
1646,3,3,1
1647,2,2,1
1648,3,3,1
1649,8,8,1
1650,3,3,1
1651,1,1,1
1652,9,9,1
1653,10,6,0
1654,2,7,0
1655,8,8,1
1656,1,1,1
1657,7,7,1
1658,6,6,1
1659,9,9,1
1660,3,3,1
1661,6,6,1
1662,2,2,1
1663,8,8,1
1664,4,4,1
1665,8,8,1
1666,5,5,1
1667,8,8,1
1668,3,3,1
1669,1,1,1
1670,1,1,1
1671,5,5,1
1672,9,9,1
1673,1,1,1
1674,8,8,1
1675,5,5,1
1676,6,6,1
1677,1,1,1
1678,9,9,1
1679,9,9,1
1680,5,5,1
1681,4,4,1
1682,9,9,1
1683,2,2,1
1684,3,3,1
1685,8,8,1
1686,8,8,1
1687,2,2,1
1688,8,8,1
1689,5,5,1
1690,8,8,1
1691,3,3,1
1692,8,8,1
1693,7,7,1
1694,3,3,1
1695,6,6,1
1696,6,6,1
1697,6,2,0
1698,2,2,1
1699,3,3,1
1700,7,7,1
1701,9,9,1
1702,9,9,1
1703,1,1,1
1704,3,3,1
1705,7,7,1
1706,1,1,1
1707,2,2,1
1708,3,3,1
1709,4,4,1
1710,8,8,1
1711,5,5,1
1712,6,6,1
1713,6,6,1
1714,7,7,1
1715,1,1,1
1716,2,2,1
1717,6,6,1
1718,5,5,1
1719,8,8,1
1720,6,6,1
1721,9,9,1
1722,1,1,1
1723,2,2,1
1724,9,9,1
1725,6,6,1
1726,6,6,1
1727,2,2,1
1728,10,9,0
1729,7,7,1
1730,9,6,0
1731,9,9,1
1732,2,2,1
1733,5,5,1
1734,3,3,1
1735,7,7,1
1736,6,6,1
1737,5,5,1
1738,2,2,1
1739,9,9,1
1740,7,7,1
1741,8,8,1
1742,3,4,0
1743,4,7,0
1744,5,5,1
1745,8,3,0
1746,5,5,1
1747,2,2,1
1748,3,3,1
1749,1,1,1
1750,7,7,1
1751,4,5,0
1752,7,7,1
1753,1,1,1
1754,8,8,1
1755,5,5,1
1756,7,7,1
1757,2,2,1
1758,6,6,1
1759,10,9,0
1760,2,1,0
1761,2,2,1
1762,1,1,1
1763,8,8,1
1764,9,9,1
1765,7,7,1
1766,7,7,1
1767,8,2,0
1768,3,3,1
1769,4,4,1
1770,7,7,1
1771,9,9,1
1772,1,1,1
1773,1,1,1
1774,2,2,1
1775,2,2,1
1776,3,1,0
1777,8,8,1
1778,5,5,1
1779,2,2,1
1780,9,9,1
1781,9,2,0
1782,3,3,1
1783,1,1,1
1784,1,1,1
1785,5,5,1
1786,1,1,1
1787,9,9,1
1788,3,3,1
1789,1,1,1
1790,6,6,1
1791,9,9,1
1792,8,8,1
1793,4,4,1
1794,8,8,1
1795,8,7,0
1796,4,4,1
1797,5,5,1
1798,1,1,1
1799,3,3,1
1800,4,4,1
1801,4,4,1
1802,6,6,1
1803,3,5,0
1804,2,2,1
1805,7,7,1
1806,1,1,1
1807,9,9,1
1808,2,2,1
1809,9,9,1
1810,5,5,1
1811,6,6,1
1812,1,1,1
1813,8,8,1
1814,7,7,1
1815,2,2,1
1816,2,2,1
1817,1,2,0
1818,2,2,1
1819,7,7,1
1820,1,1,1
1821,2,2,1
1822,1,1,1
1823,3,3,1
1824,3,3,1
1825,6,6,1
1826,8,8,1
1827,7,7,1
1828,8,8,1
1829,6,6,1
1830,3,3,1
1831,5,5,1
1832,1,1,1
1833,1,1,1
1834,5,5,1
1835,4,4,1
1836,5,5,1
1837,2,2,1
1838,1,1,1
1839,5,5,1
1840,2,2,1
1841,10,4,0
1842,1,8,0
1843,8,8,1
1844,2,2,1
1845,6,6,1
1846,4,4,1
1847,6,6,1
1848,2,2,1
1849,6,6,1
1850,8,8,1
1851,9,1,0
1852,7,7,1
1853,4,1,0
1854,4,4,1
1855,9,9,1
1856,10,2,0
1857,6,6,1
1858,3,3,1
1859,4,4,1
1860,8,8,1
1861,2,2,1
1862,2,2,1
1863,9,9,1
1864,2,2,1
1865,6,6,1
1866,9,9,1
1867,6,6,1
1868,2,2,1
1869,9,9,1
1870,6,6,1
1871,1,1,1
1872,3,3,1
1873,4,4,1
1874,1,1,1
1875,9,9,1
1876,5,5,1
1877,2,2,1
1878,6,4,0
1879,3,3,1
1880,4,4,1
1881,3,3,1
1882,2,2,1
1883,9,9,1
1884,1,1,1
1885,2,2,1
1886,6,6,1
1887,4,4,1
1888,6,6,1
1889,1,1,1
1890,10,5,0
1891,8,8,1
1892,4,4,1
1893,3,3,1
1894,10,3,0
1895,10,10,1
1896,4,1,0
1897,3,3,1
1898,3,3,1
1899,7,7,1
1900,2,2,1
1901,8,8,1
1902,1,1,1
1903,4,4,1
1904,4,4,1
1905,1,1,1
1906,4,4,1
1907,2,2,1
1908,1,1,1
1909,3,3,1
1910,8,8,1
1911,5,5,1
1912,1,1,1
1913,7,7,1
1914,8,8,1
1915,3,3,1
1916,3,3,1
1917,7,7,1
1918,1,1,1
1919,10,5,0
1920,7,1,0
1921,4,4,1
1922,5,5,1
1923,8,8,1
1924,3,3,1
1925,8,8,1
1926,2,2,1
1927,4,4,1
1928,5,5,1
1929,2,6,0
1930,4,4,1
1931,1,1,1
1932,2,2,1
1933,3,3,1
1934,4,4,1
1935,10,2,0
1936,6,1,0
1937,3,3,1
1938,2,2,1
1939,8,8,1
1940,3,1,0
1941,7,7,1
1942,1,1,1
1943,6,6,1
1944,9,9,1
1945,8,8,1
1946,7,7,1
1947,3,3,1
1948,4,4,1
1949,5,5,1
1950,9,9,1
1951,4,4,1
1952,7,7,1
1953,6,6,1
1954,9,9,1
1955,9,9,1
1956,4,4,1
1957,1,1,1
1958,1,1,1
1959,8,8,1
1960,5,5,1
1961,8,8,1
1962,5,5,1
1963,2,2,1
1964,8,8,1
1965,7,7,1
1966,6,6,1
1967,6,6,1
1968,8,8,1
1969,8,8,1
1970,9,9,1
1971,7,7,1
1972,8,8,1
1973,7,7,1
1974,4,4,1
1975,3,3,1
1976,10,9,0
1977,10,10,1
1978,6,10,0
1979,7,7,1
1980,4,4,1
1981,2,1,0
1982,8,8,1
1983,5,5,1
1984,6,6,1
1985,4,4,1
1986,6,6,1
1987,6,6,1
1988,4,4,1
1989,3,3,1
1990,8,8,1
1991,10,6,0
1992,10,10,1
1993,8,10,0
1994,2,2,1
1995,5,5,1
1996,6,6,1
1997,1,1,1
1998,1,1,1
1999,4,4,1
2000,1,1,1
2001,4,4,1
2002,7,7,1
2003,8,8,1
2004,10,4,0
2005,6,4,0
2006,3,3,1
2007,1,1,1
2008,3,3,1
2009,8,8,1
2010,1,1,1
2011,2,2,1
2012,2,2,1
2013,5,5,1
2014,8,8,1
2015,2,2,1
2016,6,6,1
2017,6,6,1
2018,2,2,1
2019,3,3,1
2020,2,2,1
2021,1,1,1
2022,2,2,1
2023,1,1,1
2024,6,6,1
2025,6,6,1
2026,3,3,1
2027,3,3,1
2028,10,10,1
2029,2,3,0
2030,3,3,1
2031,4,4,1
2032,9,9,1
2033,7,7,1
2034,2,2,1
2035,3,3,1
2036,4,4,1
2037,1,1,1
2038,4,4,1
2039,4,4,1
2040,8,8,1
2041,2,2,1
2042,3,3,1
2043,8,6,0
2044,1,1,1
2045,2,2,1
2046,4,4,1
2047,1,1,1
2048,4,4,1
2049,4,4,1
2050,2,2,1
2051,2,2,1
2052,5,5,1
2053,6,6,1
2054,8,8,1
2055,8,8,1
2056,10,10,1
2057,7,7,1
2058,2,2,1
2059,10,7,0
2060,2,6,0
2061,8,8,1
2062,8,8,1
2063,8,8,1
2064,10,2,0
2065,8,5,0
2066,8,8,1
2067,3,3,1
2068,7,7,1
2069,3,3,1
2070,4,4,1
2071,7,7,1
2072,2,2,1
2073,6,6,1
2074,1,1,1
2075,2,2,1
2076,4,4,1
2077,1,1,1
2078,1,1,1
2079,1,1,1
2080,6,6,1
2081,10,2,0
2082,10,8,0
2083,6,6,1
2084,5,5,1
2085,9,9,1
2086,2,2,1
2087,2,2,1
2088,3,3,1
2089,5,5,1
2090,6,6,1
2091,1,1,1
2092,8,8,1
2093,7,7,1
2094,5,5,1
2095,5,5,1
2096,2,2,1
2097,9,9,1
2098,3,3,1
2099,9,9,1
2100,8,8,1
2101,2,2,1
2102,10,3,0
2103,2,3,0
2104,7,7,1
2105,3,3,1
2106,4,4,1
2107,9,9,1
2108,3,3,1
2109,4,4,1
2110,9,9,1
2111,4,4,1
2112,5,5,1
2113,7,1,0
2114,9,9,1
2115,4,4,1
2116,4,4,1
2117,8,8,1
2118,1,1,1
2119,7,4,0
2120,3,3,1
2121,8,8,1
2122,9,9,1
2123,5,5,1
2124,7,7,1
2125,5,5,1
2126,5,5,1
2127,10,4,0
2128,4,10,0
2129,9,9,1
2130,7,6,0
2131,4,4,1
2132,6,6,1
2133,2,2,1
2134,1,1,1
2135,5,5,1
2136,5,5,1
2137,6,6,1
2138,3,3,1
2139,8,8,1
2140,7,7,1
2141,6,6,1
2142,4,4,1
2143,1,1,1
2144,5,5,1
2145,5,5,1
2146,5,5,1
2147,6,6,1
2148,2,2,1
2149,8,8,1
2150,5,5,1
2151,4,4,1
2152,6,6,1
2153,4,4,1
2154,4,4,1
2155,9,9,1
2156,5,5,1
2157,9,9,1
2158,3,3,1
2159,1,1,1
2160,1,9,0
2161,4,4,1
2162,9,9,1
2163,6,6,1
2164,5,7,0
2165,2,2,1
2166,1,1,1
2167,3,3,1
2168,1,1,1
2169,8,8,1
2170,7,7,1
2171,10,9,0
2172,6,6,1
2173,3,3,1
2174,3,3,1
2175,6,6,1
2176,4,4,1
2177,4,4,1
2178,10,2,0
2179,1,9,0
2180,9,9,1
2181,2,2,1
2182,1,1,1
2183,1,1,1
2184,3,3,1
2185,1,1,1
2186,3,3,1
2187,6,6,1
2188,10,7,0
2189,6,2,0
2190,2,2,1
2191,6,6,1
2192,5,5,1
2193,9,9,1
2194,2,2,1
2195,5,5,1
2196,2,2,1
2197,8,8,1
2198,6,8,0
2199,7,7,1
2200,6,8,0
2201,3,3,1
2202,3,3,1
2203,4,4,1
2204,4,8,0
2205,7,7,1
2206,4,4,1
2207,10,7,0
2208,1,5,0
2209,2,2,1
2210,5,5,1
2211,1,1,1
2212,8,8,1
2213,2,2,1
2214,7,10,0
2215,8,8,1
2216,5,3,0
2217,3,3,1
2218,9,9,1
2219,7,7,1
2220,7,7,1
2221,2,2,1
2222,8,8,1
2223,4,4,1
2224,2,2,1
2225,9,9,1
2226,6,6,1
2227,3,3,1
2228,6,6,1
2229,3,3,1
2230,5,5,1
2231,3,3,1
2232,9,9,1
2233,4,4,1
2234,3,3,1
2235,9,9,1
2236,3,3,1
2237,3,3,1
2238,9,9,1
2239,5,5,1
2240,10,7,0
2241,2,9,0
2242,2,2,1
2243,9,9,1
2244,3,4,0
2245,5,5,1
2246,3,3,1
2247,8,8,1
2248,3,3,1
2249,3,3,1
2250,1,9,0
2251,6,6,1
2252,1,1,1
2253,5,5,1
2254,8,8,1
2255,5,5,1
2256,8,8,1
2257,10,10,1
2258,1,1,1
2259,6,8,0
2260,6,7,0
2261,8,8,1
2262,3,3,1
2263,5,2,0
2264,7,7,1
2265,6,6,1
2266,4,4,1
2267,8,8,1
2268,2,2,1
2269,3,3,1
2270,1,1,1
2271,1,1,1
2272,9,2,0
2273,5,5,1
2274,4,4,1
2275,6,6,1
2276,6,6,1
2277,6,6,1
2278,8,8,1
2279,9,9,1
2280,2,2,1
2281,9,9,1
2282,10,3,0
2283,1,1,1
2284,1,1,1
2285,9,9,1
2286,6,8,0
2287,2,2,1
2288,2,2,1
2289,9,9,1
2290,2,8,0
2291,4,4,1
2292,5,5,1
2293,9,9,1
2294,3,3,1
2295,8,8,1
2296,8,8,1
2297,7,7,1
2298,7,7,1
2299,1,1,1
2300,7,7,1
2301,9,9,1
2302,3,3,1
2303,4,4,1
2304,3,3,1
2305,5,5,1
2306,6,6,1
2307,5,5,1
2308,6,6,1
2309,1,1,1
2310,1,1,1
2311,4,4,1
2312,9,9,1
2313,4,4,1
2314,9,2,0
2315,1,1,1
2316,2,6,0
2317,8,8,1
2318,4,4,1
2319,6,6,1
2320,4,4,1
2321,2,2,1
2322,3,10,0
2323,5,5,1
2324,7,7,1
2325,8,8,1
2326,5,5,1
2327,7,7,1
2328,5,5,1
2329,2,2,1
2330,6,6,1
2331,9,9,1
2332,8,8,1
2333,9,9,1
2334,5,5,1
2335,3,3,1
2336,8,8,1
2337,8,8,1
2338,2,2,1
2339,3,3,1
2340,2,2,1
2341,1,1,1
2342,2,2,1
2343,5,5,1
2344,4,4,1
2345,9,2,0
2346,10,5,0
2347,9,6,0
2348,3,3,1
2349,10,5,0
2350,4,10,0
2351,7,7,1
2352,5,5,1
2353,1,1,1
2354,5,5,1
2355,1,1,1
2356,3,3,1
2357,7,7,1
2358,4,4,1
2359,5,5,1
2360,4,8,0
2361,3,3,1
2362,1,1,1
2363,4,4,1
2364,1,1,1
2365,9,9,1
2366,6,6,1
2367,8,8,1
2368,3,3,1
2369,6,6,1
2370,7,7,1
2371,3,3,1
2372,2,2,1
2373,5,5,1
2374,2,2,1
2375,3,3,1
2376,3,3,1
2377,7,7,1
2378,6,6,1
2379,9,9,1
2380,2,2,1
2381,9,5,0
2382,8,8,1
2383,3,3,1
2384,8,8,1
2385,7,4,0
2386,2,2,1
2387,2,2,1
2388,8,8,1
2389,8,8,1
2390,7,7,1
2391,8,8,1
2392,8,8,1
2393,6,6,1
2394,10,1,0
2395,6,9,0
2396,5,5,1
2397,3,3,1
2398,3,3,1
2399,4,4,1
2400,5,5,1
2401,8,8,1
2402,7,7,1
2403,10,10,1
2404,9,1,0
2405,3,3,1
2406,4,4,1
2407,4,4,1
2408,8,8,1
2409,9,9,1
2410,4,4,1
2411,3,3,1
2412,4,4,1
2413,1,1,1
2414,6,9,0
2415,2,2,1
2416,10,4,0
2417,8,7,0
2418,4,4,1
2419,4,4,1
2420,8,8,1
2421,4,4,1
2422,4,4,1
2423,5,5,1
2424,6,6,1
2425,5,5,1
2426,3,3,1
2427,8,8,1
2428,10,1,0
2429,7,7,1
2430,2,2,1
2431,7,7,1
2432,7,7,1
2433,7,1,0
2434,4,4,1
2435,9,9,1
2436,8,8,1
2437,7,7,1
2438,3,3,1
2439,4,4,1
2440,10,7,0
2441,2,2,1
2442,6,6,1
2443,4,4,1
2444,7,7,1
2445,6,6,1
2446,3,3,1
2447,1,1,1
2448,7,7,1
2449,5,5,1
2450,2,2,1
2451,7,7,1
2452,5,5,1
2453,9,9,1
2454,2,2,1
2455,6,6,1
2456,5,5,1
2457,10,8,0
2458,3,7,0
2459,7,7,1
2460,2,2,1
2461,7,7,1
2462,9,9,1
2463,4,4,1
2464,8,8,1
2465,7,7,1
2466,5,5,1
2467,9,9,1
2468,10,3,0
2469,7,9,0
2470,3,3,1
2471,1,1,1
2472,2,2,1
2473,4,4,1
2474,4,4,1
2475,2,2,1
2476,4,4,1
2477,5,5,1
2478,6,6,1
2479,7,7,1
2480,2,2,1
2481,6,6,1
2482,4,4,1
2483,3,3,1
2484,2,2,1
2485,1,2,0
2486,8,8,1
2487,6,6,1
2488,7,7,1
2489,2,2,1
2490,8,8,1
2491,8,8,1
2492,1,1,1
2493,1,1,1
2494,3,3,1
2495,6,6,1
2496,8,8,1
2497,1,1,1
2498,9,9,1
2499,3,3,1
2500,9,9,1
2501,10,10,1
2502,5,5,1
2503,8,8,1
2504,3,3,1
2505,8,8,1
2506,6,6,1
2507,4,4,1
2508,8,8,1
2509,7,7,1
2510,1,1,1
2511,1,1,1
2512,8,8,1
2513,7,7,1
2514,4,8,0
2515,10,7,0
2516,3,10,0
2517,5,5,1
2518,5,5,1
2519,4,4,1
2520,1,1,1
2521,3,3,1
2522,1,1,1
2523,6,6,1
2524,8,8,1
2525,5,5,1
2526,9,9,1
2527,3,3,1
2528,1,1,1
2529,3,2,0
2530,9,9,1
2531,6,6,1
2532,9,9,1
2533,10,2,0
2534,10,10,1
2535,10,10,1
2536,6,6,1
2537,8,8,1
2538,7,7,1
2539,10,9,0
2540,3,6,0
2541,10,8,0
2542,5,3,0
2543,5,5,1
2544,6,6,1
2545,3,3,1
2546,8,8,1
2547,4,4,1
2548,7,7,1
2549,5,5,1
2550,8,8,1
2551,1,1,1
2552,4,4,1
2553,9,9,1
2554,9,9,1
2555,2,2,1
2556,1,1,1
2557,4,4,1
2558,6,4,0
2559,6,6,1
2560,5,5,1
2561,10,8,0
2562,3,5,0
2563,6,6,1
2564,9,9,1
2565,10,1,0
2566,1,1,1
2567,10,1,0
2568,9,4,0
2569,6,6,1
2570,5,5,1
2571,10,10,1
2572,1,1,1
2573,9,9,1
2574,3,3,1
2575,5,5,1
2576,8,8,1
2577,9,9,1
2578,8,8,1
2579,6,6,1
2580,5,5,1
2581,6,6,1
2582,4,4,1
2583,7,7,1
2584,6,6,1
2585,2,2,1
2586,8,8,1
2587,5,5,1
2588,9,9,1
2589,6,6,1
2590,8,8,1
2591,4,3,0
2592,2,1,0
2593,8,8,1
2594,10,4,0
2595,1,5,0
2596,2,2,1
2597,5,5,1
2598,3,1,0
2599,9,9,1
2600,4,4,1
2601,3,3,1
2602,2,2,1
2603,7,7,1
2604,6,6,1
2605,3,3,1
2606,1,5,0
2607,8,8,1
2608,2,2,1
2609,3,3,1
2610,7,7,1
2611,9,9,1
2612,5,5,1
2613,9,9,1
2614,6,6,1
2615,6,6,1
2616,2,2,1
2617,4,4,1
2618,8,8,1
2619,1,2,0
2620,1,1,1
2621,8,8,1
2622,9,9,1
2623,1,1,1
2624,9,6,0
2625,9,9,1
2626,9,9,1
2627,1,1,1
2628,1,1,1
2629,5,5,1
2630,6,6,1
2631,7,7,1
2632,5,5,1
2633,2,2,1
2634,3,3,1
2635,6,6,1
2636,4,4,1
2637,2,2,1
2638,6,4,0
2639,4,4,1
2640,4,4,1
2641,8,8,1
2642,10,6,0
2643,10,7,0
2644,1,1,1
2645,8,8,1
2646,3,3,1
2647,4,4,1
2648,6,6,1
2649,2,2,1
2650,7,7,1
2651,1,1,1
2652,8,8,1
2653,2,2,1
2654,5,5,1
2655,9,9,1
2656,4,4,1
2657,10,2,0
2658,10,6,0
2659,3,3,1
2660,7,7,1
2661,10,5,0
2662,10,10,1
2663,3,3,1
2664,9,9,1
2665,10,7,0
2666,6,5,0
2667,3,3,1
2668,6,6,1
2669,9,9,1
2670,3,3,1
2671,5,5,1
2672,7,7,1
2673,4,4,1
2674,5,5,1
2675,6,7,0
2676,3,3,1
2677,8,7,0
2678,3,3,1
2679,2,2,1
2680,7,7,1
2681,7,7,1
2682,1,1,1
2683,10,5,0
2684,1,1,1
2685,2,2,1
2686,5,5,1
2687,10,10,1
2688,3,2,0
2689,7,7,1
2690,9,9,1
2691,9,9,1
2692,2,2,1
2693,4,4,1
2694,2,2,1
2695,1,1,1
2696,2,2,1
2697,4,4,1
2698,2,2,1
2699,9,6,0
2700,6,6,1
2701,5,8,0
2702,6,6,1
2703,9,3,0
2704,10,4,0
2705,10,7,0
2706,4,4,1
2707,8,8,1
2708,2,2,1
2709,8,8,1
2710,9,9,1
2711,7,7,1
2712,3,3,1
2713,6,6,1
2714,5,5,1
2715,8,8,1
2716,5,5,1
2717,7,7,1
2718,5,5,1
2719,9,9,1
2720,7,7,1
2721,9,9,1
2722,10,7,0
2723,7,5,0
2724,10,8,0
2725,10,10,1
2726,10,10,1
2727,5,5,1
2728,2,2,1
2729,1,1,1
2730,6,6,1
2731,5,5,1
2732,7,7,1
2733,4,4,1
2734,1,1,1
2735,4,4,1
2736,10,2,0
2737,10,10,1
2738,9,7,0
2739,7,7,1
2740,8,8,1
2741,10,2,0
2742,10,10,1
2743,3,8,0
2744,8,8,1
2745,8,8,1
2746,10,2,0
2747,10,10,1
2748,8,1,0
2749,7,7,1
2750,5,5,1
2751,9,9,1
2752,6,6,1
2753,4,4,1
2754,2,2,1
2755,5,5,1
2756,8,8,1
2757,7,7,1
2758,2,2,1
2759,2,2,1
2760,6,6,1
2761,4,4,1
2762,2,2,1
2763,5,5,1
2764,6,6,1
2765,8,8,1
2766,5,5,1
2767,6,6,1
2768,1,1,1
2769,2,2,1
2770,8,8,1
2771,8,8,1
2772,4,4,1
2773,8,8,1
2774,6,6,1
2775,7,7,1
2776,4,4,1
2777,1,1,1
2778,6,6,1
2779,2,2,1
2780,4,4,1
2781,6,6,1
2782,7,7,1
2783,8,8,1
2784,5,5,1
2785,3,3,1
2786,4,4,1
2787,2,2,1
2788,3,3,1
2789,7,7,1
2790,4,4,1
2791,1,1,1
2792,1,1,1
2793,2,2,1
2794,1,1,1
2795,7,7,1
2796,2,2,1
2797,1,1,1
2798,2,2,1
2799,8,8,1
2800,9,9,1
2801,3,3,1
2802,7,7,1
2803,8,8,1
2804,9,2,0
2805,3,3,1
2806,7,7,1
2807,10,2,0
2808,8,7,0
2809,4,4,1
2810,6,6,1
2811,8,8,1
2812,2,2,1
2813,1,1,1
2814,5,5,1
2815,4,4,1
2816,5,5,1
2817,3,3,1
2818,9,6,0
2819,4,4,1
2820,6,6,1
2821,1,1,1
2822,5,5,1
2823,3,3,1
2824,5,5,1
2825,2,2,1
2826,10,7,0
2827,6,6,1
2828,3,3,1
2829,10,6,0
2830,6,3,0
2831,2,2,1
2832,2,2,1
2833,7,7,1
2834,2,2,1
2835,1,1,1
2836,2,2,1
2837,7,7,1
2838,5,5,1
2839,4,4,1
2840,9,9,1
2841,1,1,1
2842,6,4,0
2843,2,2,1
2844,8,8,1
2845,5,5,1
2846,4,4,1
2847,3,3,1
2848,2,2,1
2849,6,6,1
2850,6,6,1
2851,9,9,1
2852,1,1,1
2853,1,1,1
2854,1,1,1
2855,9,9,1
2856,5,5,1
2857,5,5,1
2858,1,8,0
2859,3,5,0
2860,8,8,1
2861,7,4,0
2862,7,8,0
2863,7,7,1
2864,9,9,1
2865,3,3,1
2866,8,8,1
2867,6,6,1
2868,9,9,1
2869,6,6,1
2870,5,5,1
2871,2,2,1
2872,7,7,1
2873,8,8,1
2874,2,2,1
2875,4,4,1
2876,2,7,0
2877,10,9,0
2878,8,4,0
2879,9,9,1
2880,10,7,0
2881,1,1,1
2882,6,6,1
2883,4,4,1
2884,1,1,1
2885,5,5,1
2886,5,5,1
2887,3,3,1
2888,4,4,1
2889,1,1,1
2890,8,8,1
2891,9,9,1
2892,1,1,1
2893,7,7,1
2894,9,5,0
2895,10,4,0
2896,10,7,0
2897,1,1,1
2898,10,4,0
2899,8,9,0
2900,5,5,1
2901,8,8,1
2902,9,9,1
2903,5,5,1
2904,1,1,1
2905,2,2,1
2906,7,7,1
2907,10,4,0
2908,8,7,0
2909,6,6,1
2910,6,6,1
2911,2,2,1
2912,9,9,1
2913,3,3,1
2914,6,6,1
2915,6,6,1
2916,6,6,1
2917,5,1,0
2918,2,2,1
2919,2,2,1
2920,1,1,1
2921,6,6,1
2922,7,7,1
2923,4,4,1
2924,1,1,1
2925,3,3,1
2926,7,7,1
2927,9,9,1
2928,9,9,1
2929,2,9,0
2930,9,9,1
2931,1,1,1
2932,4,4,1
2933,1,1,1
2934,10,7,0
2935,2,2,1
2936,4,4,1
2937,1,1,1
2938,1,1,1
2939,4,4,1
2940,2,2,1
2941,9,9,1
2942,10,2,0
2943,2,7,0
2944,4,4,1
2945,4,4,1
2946,8,8,1
2947,7,7,1
2948,4,4,1
2949,5,5,1
2950,9,9,1
2951,10,9,0
2952,1,1,1
2953,6,6,1
2954,1,1,1
2955,5,5,1
2956,8,8,1
2957,5,5,1
2958,4,4,1
2959,4,4,1
2960,2,2,1
2961,3,3,1
2962,10,1,0
2963,6,6,1
2964,4,4,1
2965,9,9,1
2966,6,6,1
2967,8,8,1
2968,2,2,1
2969,4,4,1
2970,7,7,1
2971,4,4,1
2972,6,6,1
2973,5,5,1
2974,5,5,1
2975,7,7,1
2976,7,7,1
2977,6,6,1
2978,9,9,1
2979,7,7,1
2980,3,3,1
2981,6,6,1
2982,6,6,1
2983,4,4,1
2984,7,7,1
2985,10,5,0
2986,8,8,1
2987,6,6,1
2988,5,5,1
2989,9,9,1
2990,6,6,1
2991,9,9,1
2992,9,9,1
2993,2,2,1
2994,6,6,1
2995,10,8,0
2996,3,3,1
2997,5,5,1
2998,9,9,1
2999,4,4,1
3000,1,1,1
3001,8,8,1
3002,3,3,1
3003,3,3,1
3004,8,8,1
3005,2,2,1
3006,2,2,1
3007,1,1,1
3008,6,6,1
3009,5,5,1
3010,9,9,1
3011,1,1,1
3012,6,6,1
3013,10,3,0
3014,5,1,0
3015,8,8,1
3016,9,9,1
3017,10,10,1
3018,1,8,0
3019,1,1,1
3020,8,8,1
3021,3,3,1
3022,1,1,1
3023,3,3,1
3024,3,3,1
3025,6,6,1
3026,4,4,1
3027,5,5,1
3028,5,5,1
3029,2,2,1
3030,6,6,1
3031,1,1,1
3032,3,3,1
3033,5,5,1
3034,6,6,1
3035,1,1,1
3036,5,5,1
3037,3,3,1
3038,6,6,1
3039,6,6,1
3040,9,9,1
3041,1,1,1
3042,1,1,1
3043,3,3,1
3044,9,9,1
3045,6,6,1
3046,9,9,1
3047,7,7,1
3048,4,4,1
3049,9,9,1
3050,1,1,1
3051,2,2,1
3052,1,1,1
3053,6,6,1
3054,1,1,1
3055,5,5,1
3056,7,7,1
3057,6,6,1
3058,9,9,1
3059,1,1,1
3060,2,2,1
3061,10,8,0
3062,2,2,1
3063,4,4,1
3064,7,7,1
3065,3,3,1
3066,4,4,1
3067,7,7,1
3068,9,9,1
3069,9,9,1
3070,8,8,1
3071,4,4,1
3072,8,8,1
3073,9,9,1
3074,6,6,1
3075,9,9,1
3076,9,9,1
3077,7,7,1
3078,9,9,1
3079,3,3,1
3080,10,7,0
3081,5,6,0
3082,6,6,1
3083,2,2,1
3084,3,3,1
3085,6,6,1
3086,1,1,1
3087,2,2,1
3088,8,8,1
3089,9,9,1
3090,7,7,1
3091,2,2,1
3092,2,2,1
3093,9,9,1
3094,9,9,1
3095,2,2,1
3096,8,8,1
3097,8,8,1
3098,8,8,1
3099,6,6,1
3100,2,2,1
3101,5,3,0
3102,9,9,1
3103,4,4,1
3104,8,3,0
3105,8,8,1
3106,7,7,1
3107,7,7,1
3108,10,7,0
3109,8,8,1
3110,2,2,1
3111,4,4,1
3112,7,7,1
3113,9,9,1
3114,8,8,1
3115,9,9,1
3116,6,6,1
3117,8,8,1
3118,10,10,1
3119,2,4,0
3120,8,8,1
3121,1,1,1
3122,8,8,1
3123,5,1,0
3124,9,9,1
3125,7,7,1
3126,9,9,1
3127,1,1,1
3128,6,6,1
3129,9,9,1
3130,9,9,1
3131,3,3,1
3132,2,2,1
3133,5,5,1
3134,10,10,1
3135,6,2,0
3136,3,3,1
3137,8,1,0
3138,8,8,1
3139,6,6,1
3140,5,5,1
3141,1,1,1
3142,2,2,1
3143,5,5,1
3144,1,1,1
3145,5,5,1
3146,6,6,1
3147,1,1,1
3148,5,5,1
3149,7,7,1
3150,4,4,1
3151,2,2,1
3152,6,6,1
3153,9,10,0
3154,2,2,1
3155,7,7,1
3156,8,8,1
3157,9,9,1
3158,5,5,1
3159,3,3,1
3160,6,6,1
3161,6,6,1
3162,7,7,1
3163,1,1,1
3164,7,7,1
3165,6,6,1
3166,9,9,1
3167,3,3,1
3168,2,2,1
3169,1,1,1
3170,10,3,0
3171,10,10,1
3172,3,3,1
3173,6,6,1
3174,1,1,1
3175,9,9,1
3176,8,8,1
3177,6,6,1
3178,4,4,1
3179,3,3,1
3180,1,1,1
3181,7,7,1
3182,2,2,1
3183,3,3,1
3184,3,3,1
3185,2,2,1
3186,1,1,1
3187,3,3,1
3188,4,4,1
3189,3,3,1
3190,3,3,1
3191,6,6,1
3192,6,6,1
3193,4,4,1
3194,5,5,1
3195,10,2,0
3196,3,8,0
3197,5,5,1
3198,10,8,0
3199,5,5,1
3200,8,8,1
3201,3,3,1
3202,1,1,1
3203,1,1,1
3204,6,6,1
3205,1,1,1
3206,6,6,1
3207,4,4,1
3208,1,1,1
3209,10,4,0
3210,8,8,1
3211,8,8,1
3212,8,8,1
3213,2,2,1
3214,8,8,1
3215,5,5,1
3216,4,4,1
3217,6,6,1
3218,2,2,1
3219,1,1,1
3220,2,2,1
3221,3,3,1
3222,3,3,1
3223,3,3,1
3224,9,9,1
3225,3,3,1
3226,1,1,1
3227,4,4,1
3228,8,8,1
3229,4,4,1
3230,2,2,1
3231,6,6,1
3232,6,6,1
3233,6,9,0
3234,9,9,1
3235,10,8,0
3236,6,5,0
3237,7,7,1
3238,6,6,1
3239,1,1,1
3240,4,4,1
3241,6,6,1
3242,10,8,0
3243,10,10,1
3244,10,10,1
3245,7,4,0
3246,7,7,1
3247,7,7,1
3248,5,5,1
3249,2,2,1
3250,3,3,1
3251,4,4,1
3252,3,3,1
3253,3,3,1
3254,8,8,1
3255,9,9,1
3256,6,5,0
3257,3,3,1
3258,6,6,1
3259,6,6,1
3260,5,5,1
3261,3,3,1
3262,6,6,1
3263,6,6,1
3264,3,3,1
3265,4,4,1
3266,6,6,1
3267,4,4,1
3268,1,1,1
3269,6,6,1
3270,4,4,1
3271,6,6,1
3272,8,8,1
3273,1,1,1
3274,8,8,1
3275,8,8,1
3276,10,8,0
3277,4,3,0
3278,7,7,1
3279,2,2,1
3280,3,3,1
3281,7,7,1
3282,4,4,1
3283,1,1,1
3284,8,8,1
3285,7,7,1
3286,5,3,0
3287,9,9,1
3288,3,3,1
3289,1,1,1
3290,5,5,1
3291,9,9,1
3292,8,8,1
3293,1,1,1
3294,9,9,1
3295,3,3,1
3296,4,5,0
3297,5,5,1
3298,1,1,1
3299,7,7,1
3300,4,4,1
3301,2,2,1
3302,1,1,1
3303,1,1,1
3304,9,9,1
3305,4,4,1
3306,5,5,1
3307,4,4,1
3308,1,1,1
3309,3,3,1
3310,6,6,1
3311,6,6,1
3312,6,6,1
3313,1,1,1
3314,3,3,1
3315,3,3,1
3316,4,4,1
3317,9,9,1
3318,1,1,1
3319,10,9,0
3320,5,10,0
3321,8,8,1
3322,7,7,1
3323,10,4,0
3324,8,8,1
3325,4,4,1
3326,5,5,1
3327,5,5,1
3328,5,5,1
3329,6,6,1
3330,5,5,1
3331,6,4,0
3332,6,6,1
3333,7,7,1
3334,1,1,1
3335,7,7,1
3336,10,3,0
3337,5,5,1
3338,3,3,1
3339,1,1,1
3340,8,8,1
3341,6,6,1
3342,4,4,1
3343,10,8,0
3344,4,2,0
3345,3,3,1
3346,4,4,1
3347,1,1,1
3348,4,4,1
3349,4,4,1
3350,8,8,1
3351,4,4,1
3352,4,4,1
3353,5,5,1
3354,4,4,1
3355,5,5,1
3356,5,5,1
3357,3,3,1
3358,7,7,1
3359,1,1,1
3360,5,5,1
3361,6,2,0
3362,6,6,1
3363,3,3,1
3364,1,1,1
3365,8,8,1
3366,1,6,0
3367,10,4,0
3368,10,10,1
3369,10,3,0
3370,8,8,1
3371,5,5,1
3372,10,2,0
3373,5,5,1
3374,4,4,1
3375,7,7,1
3376,6,6,1
3377,7,7,1
3378,10,7,0
3379,2,2,1
3380,5,5,1
3381,5,5,1
3382,3,3,1
3383,2,2,1
3384,4,4,1
3385,5,5,1
3386,1,1,1
3387,3,3,1
3388,1,1,1
3389,5,5,1
3390,2,2,1
3391,8,8,1
3392,9,9,1
3393,2,2,1
3394,4,4,1
3395,7,7,1
3396,8,5,0
3397,6,6,1
3398,6,6,1
3399,3,3,1
3400,4,4,1
3401,1,1,1
3402,9,9,1
3403,7,7,1
3404,6,6,1
3405,5,5,1
3406,10,10,1
3407,8,8,1
3408,5,5,1
3409,9,9,1
3410,7,6,0
3411,1,1,1
3412,6,8,0
3413,9,9,1
3414,7,7,1
3415,5,10,0
3416,6,6,1
3417,2,2,1
3418,9,9,1
3419,8,8,1
3420,1,1,1
3421,9,9,1
3422,7,7,1
3423,9,9,1
3424,9,9,1
3425,4,4,1
3426,5,5,1
3427,5,5,1
3428,9,9,1
3429,10,4,0
3430,8,6,0
3431,6,6,1
3432,5,5,1
3433,9,9,1
3434,7,7,1
3435,8,8,1
3436,4,4,1
3437,8,8,1
3438,2,2,1
3439,7,4,0
3440,4,4,1
3441,8,8,1
3442,3,3,1
3443,8,8,1
3444,5,5,1
3445,10,7,0
3446,1,1,1
3447,4,4,1
3448,2,2,1
3449,3,3,1
3450,1,1,1
3451,1,1,1
3452,2,2,1
3453,1,1,1
3454,7,7,1
3455,8,8,1
3456,4,4,1
3457,9,9,1
3458,3,3,1
3459,7,7,1
3460,8,8,1
3461,8,8,1
3462,4,7,0
3463,5,5,1
3464,3,3,1
3465,4,4,1
3466,10,8,0
3467,2,2,1
3468,7,7,1
3469,6,6,1
3470,3,3,1
3471,9,9,1
3472,3,3,1
3473,6,6,1
3474,5,3,0
3475,7,7,1
3476,2,1,0
3477,9,9,1
3478,9,9,1
3479,9,9,1
3480,7,7,1
3481,7,7,1
3482,10,3,0
3483,2,1,0
3484,8,8,1
3485,6,6,1
3486,7,7,1
3487,8,8,1
3488,8,8,1
3489,7,4,0
3490,3,3,1
3491,8,8,1
3492,4,4,1
3493,1,1,1
3494,1,1,1
3495,1,1,1
3496,6,6,1
3497,3,3,1
3498,4,4,1
3499,4,4,1
3500,3,3,1
3501,3,3,1
3502,7,7,1
3503,6,6,1
3504,4,9,0
3505,10,7,0
3506,8,8,1
3507,3,3,1
3508,4,4,1
3509,7,7,1
3510,2,2,1
3511,5,5,1
3512,5,5,1
3513,8,7,0
3514,9,9,1
3515,2,2,1
3516,7,7,1
3517,9,9,1
3518,2,2,1
3519,2,2,1
3520,2,2,1
3521,9,9,1
3522,4,4,1
3523,9,9,1
3524,4,4,1
3525,10,5,0
3526,10,7,0
3527,4,4,1
3528,7,7,1
3529,10,3,0
3530,1,9,0
3531,3,3,1
3532,1,1,1
3533,5,5,1
3534,3,3,1
3535,1,1,1
3536,4,4,1
3537,3,3,1
3538,8,8,1
3539,5,7,0
3540,8,8,1
3541,9,9,1
3542,7,7,1
3543,5,5,1
3544,9,9,1
3545,5,5,1
3546,2,2,1
3547,6,6,1
3548,4,4,1
3549,2,2,1
3550,3,3,1
3551,8,6,0
3552,2,2,1
3553,2,2,1
3554,9,9,1
3555,4,2,0
3556,9,9,1
3557,8,8,1
3558,4,4,1
3559,4,4,1
3560,6,6,1
3561,3,3,1
3562,2,2,1
3563,2,2,1
3564,2,2,1
3565,9,9,1
3566,1,1,1
3567,6,6,1
3568,2,2,1
3569,4,4,1
3570,7,7,1
3571,7,7,1
3572,3,3,1
3573,10,9,0
3574,9,9,1
3575,2,2,1
3576,5,5,1
3577,5,5,1
3578,8,8,1
3579,1,1,1
3580,3,3,1
3581,1,1,1
3582,9,9,1
3583,7,7,1
3584,1,1,1
3585,10,2,0
3586,6,5,0
3587,1,1,1
3588,4,4,1
3589,3,3,1
3590,9,9,1
3591,1,1,1
3592,1,1,1
3593,5,5,1
3594,3,3,1
3595,9,3,0
3596,3,3,1
3597,1,1,1
3598,8,8,1
3599,7,7,1
3600,9,9,1
3601,9,9,1
3602,8,8,1
3603,4,4,1
3604,3,3,1
3605,1,1,1
3606,9,9,1
3607,9,9,1
3608,6,6,1
3609,10,9,0
3610,4,4,1
3611,3,3,1
3612,1,5,0
3613,1,1,1
3614,4,4,1
3615,10,8,0
3616,10,10,1
3617,2,2,1
3618,6,6,1
3619,6,6,1
3620,3,3,1
3621,6,3,0
3622,9,9,1
3623,7,7,1
3624,5,5,1
3625,5,5,1
3626,6,6,1
3627,9,9,1
3628,10,4,0
3629,10,10,1
3630,2,2,1
3631,1,1,1
3632,5,5,1
3633,2,2,1
3634,6,6,1
3635,8,8,1
3636,3,3,1
3637,6,6,1
3638,1,1,1
3639,6,6,1
3640,6,6,1
3641,7,7,1
3642,4,4,1
3643,5,5,1
3644,4,4,1
3645,6,2,0
3646,10,8,0
3647,7,10,0
3648,1,1,1
3649,6,6,1
3650,7,7,1
3651,9,6,0
3652,1,4,0
3653,1,1,1
3654,10,8,0
3655,6,5,0
3656,8,8,1
3657,1,1,1
3658,1,1,1
3659,2,5,0
3660,4,4,1
3661,5,5,1
3662,1,1,1
3663,9,9,1
3664,9,9,1
3665,3,3,1
3666,6,6,1
3667,6,6,1
3668,10,10,1
3669,8,1,0
3670,5,5,1
3671,8,8,1
3672,5,5,1
3673,4,4,1
3674,5,5,1
3675,5,7,0
3676,2,2,1
3677,3,3,1
3678,9,9,1
3679,10,8,0
3680,3,10,0
3681,3,3,1
3682,4,4,1
3683,8,8,1
3684,10,5,0
3685,9,9,1
3686,1,1,1
3687,9,9,1
3688,3,3,1
3689,3,3,1
3690,1,1,1
3691,10,3,0
3692,10,5,0
3693,5,5,1
3694,10,1,0
3695,10,10,1
3696,1,5,0
3697,2,2,1
3698,6,6,1
3699,6,6,1
3700,9,9,1
3701,3,3,1
3702,7,7,1
3703,4,4,1
3704,10,8,0
3705,8,1,0
3706,5,5,1
3707,8,8,1
3708,8,8,1
3709,2,2,1
3710,2,2,1
3711,1,3,0
3712,10,7,0
3713,1,2,0
3714,5,5,1
3715,7,7,1
3716,1,1,1
3717,5,5,1
3718,8,8,1
3719,4,4,1
3720,9,9,1
3721,9,6,0
3722,3,3,1
3723,5,5,1
3724,7,7,1
3725,4,4,1
3726,3,3,1
3727,2,2,1
3728,1,1,1
3729,2,2,1
3730,7,7,1
3731,9,9,1
3732,8,8,1
3733,8,8,1
3734,7,7,1
3735,7,2,0
3736,2,2,1
3737,6,6,1
3738,6,6,1
3739,1,1,1
3740,7,7,1
3741,3,3,1
3742,8,8,1
3743,4,4,1
3744,7,7,1
3745,6,6,1
3746,6,6,1
3747,4,4,1
3748,3,3,1
3749,4,4,1
3750,1,1,1
3751,3,3,1
3752,7,7,1
3753,2,2,1
3754,7,7,1
3755,3,3,1
3756,6,6,1
3757,3,3,1
3758,10,2,0
3759,5,5,1
3760,9,9,1
3761,3,3,1
3762,7,7,1
3763,5,5,1
3764,6,6,1
3765,1,1,1
3766,9,9,1
3767,8,8,1
3768,1,1,1
3769,2,2,1
3770,3,3,1
3771,10,6,0
3772,10,3,0
3773,8,8,1
3774,8,8,1
3775,1,1,1
3776,4,4,1
3777,7,7,1
3778,2,2,1
3779,2,2,1
3780,2,2,1
3781,8,8,1
3782,10,2,0
3783,7,7,1
3784,1,1,1
3785,4,4,1
3786,7,7,1
3787,7,7,1
3788,2,2,1
3789,5,5,1
3790,2,2,1
3791,9,9,1
3792,5,3,0
3793,8,8,1
3794,5,5,1
3795,6,1,0
3796,9,9,1
3797,4,4,1
3798,2,4,0
3799,3,3,1
3800,6,6,1
3801,3,3,1
3802,4,4,1
3803,2,2,1
3804,8,8,1
3805,10,1,0
3806,5,10,0
3807,2,2,1
3808,10,7,0
3809,6,10,0
3810,3,3,1
3811,5,5,1
3812,7,7,1
3813,1,1,1
3814,6,6,1
3815,1,1,1
3816,6,6,1
3817,5,5,1
3818,7,7,1
3819,10,6,0
3820,2,10,0
3821,1,1,1
3822,1,1,1
3823,9,9,1
3824,1,1,1
3825,6,1,0
3826,1,1,1
3827,1,1,1
3828,6,6,1
3829,9,9,1
3830,7,7,1
3831,3,3,1
3832,1,8,0
3833,2,2,1
3834,1,1,1
3835,4,4,1
3836,7,7,1
3837,3,3,1
3838,2,2,1
3839,3,3,1
3840,2,2,1
3841,7,7,1
3842,8,8,1
3843,10,6,0
3844,6,2,0
3845,8,8,1
3846,10,1,0
3847,2,8,0
3848,1,1,1
3849,2,2,1
3850,2,2,1
3851,4,3,0
3852,6,6,1
3853,2,2,1
3854,1,1,1
3855,2,2,1
3856,7,8,0
3857,2,2,1
3858,1,1,1
3859,1,1,1
3860,9,9,1
3861,8,8,1
3862,2,2,1
3863,6,6,1
3864,4,4,1
3865,8,8,1
3866,10,1,0
3867,8,8,1
3868,2,2,1
3869,4,4,1
3870,6,6,1
3871,2,2,1
3872,10,10,1
3873,3,4,0
3874,3,3,1
3875,5,5,1
3876,9,9,1
3877,5,5,1
3878,3,3,1
3879,1,1,1
3880,4,4,1
3881,8,8,1
3882,3,3,1
3883,10,1,0
3884,8,10,0
3885,6,6,1
3886,2,2,1
3887,4,4,1
3888,8,8,1
3889,4,4,1
3890,5,5,1
3891,9,9,1
3892,3,3,1
3893,2,2,1
3894,4,4,1
3895,7,7,1
3896,9,9,1
3897,2,2,1
3898,5,5,1
3899,7,7,1
3900,3,3,1
3901,9,9,1
3902,8,8,1
3903,7,7,1
3904,7,7,1
3905,4,4,1
3906,9,9,1
3907,2,2,1
3908,6,6,1
3909,3,3,1
3910,2,2,1
3911,6,6,1
3912,5,5,1
3913,1,1,1
3914,6,6,1
3915,1,1,1
3916,1,1,1
3917,9,9,1
3918,4,4,1
3919,3,3,1
3920,3,3,1
3921,5,5,1
3922,2,2,1
3923,3,3,1
3924,4,4,1
3925,4,4,1
3926,8,8,1
3927,4,4,1
3928,6,6,1
3929,6,6,1
3930,2,2,1
3931,1,1,1
3932,3,3,1
3933,10,1,0
3934,7,2,0
3935,8,8,1
3936,5,5,1
3937,2,2,1
3938,9,9,1
3939,6,6,1
3940,8,8,1
3941,1,1,1
3942,6,6,1
3943,1,1,1
3944,2,2,1
3945,9,9,1
3946,4,9,0
3947,3,3,1
3948,3,3,1
3949,6,6,1
3950,1,1,1
3951,8,8,1
3952,2,2,1
3953,10,1,0
3954,7,8,0
3955,2,2,1
3956,9,9,1
3957,3,3,1
3958,2,2,1
3959,6,6,1
3960,3,5,0
3961,7,7,1
3962,4,4,1
3963,2,2,1
3964,9,9,1
3965,10,4,0
3966,8,1,0
3967,5,5,1
3968,9,9,1
3969,9,9,1
3970,10,5,0
3971,1,10,0
3972,7,7,1
3973,5,5,1
3974,5,5,1
3975,1,1,1
3976,7,7,1
3977,5,5,1
3978,3,3,1
3979,10,10,1
3980,7,7,1
3981,1,1,1
3982,8,8,1
3983,4,4,1
3984,7,7,1
3985,6,6,1
3986,7,7,1
3987,1,1,1
3988,5,5,1
3989,9,9,1
3990,5,5,1
3991,5,5,1
3992,8,8,1
3993,9,9,1
3994,1,1,1
3995,4,4,1
3996,1,1,1
3997,8,8,1
3998,9,9,1
3999,3,3,1
4000,5,5,1
4001,1,1,1
4002,9,9,1
4003,9,9,1
4004,8,8,1
4005,1,1,1
4006,1,1,1
4007,1,1,1
4008,3,3,1
4009,4,4,1
4010,1,1,1
4011,3,3,1
4012,10,4,0
4013,1,6,0
4014,4,4,1
4015,2,2,1
4016,1,1,1
4017,1,1,1
4018,2,7,0
4019,7,7,1
4020,6,6,1
4021,8,8,1
4022,9,9,1
4023,7,7,1
4024,9,9,1
4025,3,3,1
4026,5,5,1
4027,6,6,1
4028,2,2,1
4029,1,1,1
4030,9,9,1
4031,9,2,0
4032,2,2,1
4033,2,2,1
4034,2,2,1
4035,2,2,1
4036,5,5,1
4037,8,8,1
4038,9,9,1
4039,6,6,1
4040,8,8,1
4041,5,5,1
4042,9,9,1
4043,5,5,1
4044,4,4,1
4045,5,5,1
4046,3,3,1
4047,1,1,1
4048,10,3,0
4049,4,2,0
4050,2,2,1
4051,3,3,1
4052,2,2,1
4053,6,6,1
4054,10,6,0
4055,10,10,1
4056,1,1,1
4057,3,3,1
4058,6,4,0
4059,3,3,1
4060,5,5,1
4061,6,6,1
4062,8,8,1
4063,4,7,0
4064,6,6,1
4065,10,3,0
4066,8,2,0
4067,4,4,1
4068,6,6,1
4069,7,7,1
4070,7,7,1
4071,3,3,1
4072,2,2,1
4073,3,3,1
4074,1,1,1
4075,4,4,1
4076,5,5,1
4077,3,3,1
4078,9,9,1
4079,6,6,1
4080,1,1,1
4081,9,9,1
4082,7,7,1
4083,7,7,1
4084,9,9,1
4085,5,5,1
4086,5,5,1
4087,3,3,1
4088,9,9,1
4089,6,6,1
4090,1,1,1
4091,8,8,1
4092,8,8,1
4093,7,7,1
4094,4,4,1
4095,2,2,1
4096,5,5,1
4097,5,5,1
4098,7,7,1
4099,2,2,1
4100,1,1,1
4101,7,7,1
4102,2,2,1
4103,9,9,1
4104,1,1,1
4105,7,7,1
4106,6,6,1
4107,1,1,1
4108,3,3,1
4109,2,2,1
4110,10,1,0
4111,6,6,1
4112,6,6,1
4113,9,9,1
4114,4,4,1
4115,7,7,1
4116,8,8,1
4117,9,9,1
4118,1,8,0
4119,9,9,1
4120,7,7,1
4121,7,7,1
4122,10,3,0
4123,10,3,0
4124,6,6,1
4125,1,1,1
4126,6,6,1
4127,8,8,1
4128,3,3,1
4129,1,1,1
4130,6,6,1
4131,1,1,1
4132,6,6,1
4133,5,5,1
4134,1,1,1
4135,9,9,1
4136,2,1,0
4137,7,7,1
4138,10,6,0
4139,5,7,0
4140,3,3,1
4141,9,9,1
4142,3,3,1
4143,10,5,0
4144,2,5,0
4145,9,9,1
4146,1,1,1
4147,7,7,1
4148,7,7,1
4149,5,5,1
4150,4,4,1
4151,6,6,1
4152,4,4,1
4153,1,7,0
4154,10,4,0
4155,5,5,1
4156,3,3,1
4157,1,1,1
4158,3,3,1
4159,3,6,0
4160,2,2,1
4161,10,10,1
4162,8,8,1
4163,10,5,0
4164,3,8,0
4165,5,5,1
4166,8,8,1
4167,7,7,1
4168,2,2,1
4169,2,2,1
4170,4,4,1
4171,4,4,1
4172,4,4,1
4173,7,7,1
4174,5,5,1
4175,8,8,1
4176,9,9,1
4177,10,1,0
4178,4,7,0
4179,6,6,1
4180,8,8,1
4181,3,3,1
4182,4,4,1
4183,1,1,1
4184,1,1,1
4185,5,5,1
4186,4,4,1
4187,6,6,1
4188,1,1,1
4189,6,6,1
4190,4,4,1
4191,6,6,1
4192,5,5,1
4193,8,8,1
4194,5,5,1
4195,5,5,1
4196,3,3,1
4197,4,4,1
4198,5,5,1
4199,4,4,1
4200,5,5,1
4201,4,4,1
4202,5,5,1
4203,7,7,1
4204,6,6,1
4205,2,2,1
4206,5,6,0
4207,7,7,1
4208,8,8,1
4209,7,7,1
4210,8,8,1
4211,6,6,1
4212,2,2,1
4213,1,1,1
4214,10,3,0
4215,10,3,0
4216,4,1,0
4217,3,3,1
4218,7,7,1
4219,2,2,1
4220,10,6,0
4221,7,9,0
4222,1,1,1
4223,4,4,1
4224,2,2,1
4225,5,5,1
4226,3,3,1
4227,2,2,1
4228,7,7,1
4229,7,7,1
4230,8,8,1
4231,6,6,1
4232,10,6,0
4233,8,2,0
4234,6,6,1
4235,1,1,1
4236,1,1,1
4237,1,1,1
4238,3,3,1
4239,9,9,1
4240,4,4,1
4241,8,8,1
4242,8,8,1
4243,8,8,1
4244,9,9,1
4245,5,5,1
4246,7,7,1
4247,2,2,1
4248,8,8,1
4249,4,2,0
4250,3,3,1
4251,4,4,1
4252,3,3,1
4253,4,5,0
4254,9,9,1
4255,3,3,1
4256,6,6,1
4257,1,1,1
4258,4,4,1
4259,8,8,1
4260,8,8,1
4261,2,2,1
4262,6,6,1
4263,10,2,0
4264,2,2,1
4265,9,9,1
4266,3,3,1
4267,8,8,1
4268,10,5,0
4269,3,1,0
4270,9,9,1
4271,2,2,1
4272,8,8,1
4273,10,6,0
4274,10,10,1
4275,10,2,0
4276,1,1,1
4277,4,4,1
4278,9,9,1
4279,6,6,1
4280,1,1,1
4281,2,2,1
4282,4,4,1
4283,9,9,1
4284,4,4,1
4285,9,9,1
4286,8,8,1
4287,10,9,0
4288,1,2,0
4289,2,2,1
4290,9,9,1
4291,10,1,0
4292,4,5,0
4293,2,2,1
4294,2,2,1
4295,7,7,1
4296,1,1,1
4297,4,4,1
4298,4,4,1
4299,7,7,1
4300,8,8,1
4301,7,7,1
4302,4,4,1
4303,4,4,1
4304,1,1,1
4305,1,1,1
4306,8,8,1
4307,10,3,0
4308,4,6,0
4309,2,2,1
4310,1,1,1
4311,1,1,1
4312,3,3,1
4313,4,4,1
4314,2,2,1
4315,5,5,1
4316,4,4,1
4317,8,8,1
4318,2,2,1
4319,1,1,1
4320,2,2,1
4321,6,6,1
4322,10,9,0
4323,5,2,0
4324,5,5,1
4325,7,7,1
4326,2,1,0
4327,5,5,1
4328,3,3,1
4329,7,4,0
4330,4,4,1
4331,6,9,0
4332,1,1,1
4333,6,6,1
4334,5,9,0
4335,4,4,1
4336,2,2,1
4337,8,8,1
4338,4,4,1
4339,8,8,1
4340,9,9,1
4341,6,6,1
4342,3,3,1
4343,9,9,1
4344,4,4,1
4345,4,4,1
4346,6,6,1
4347,2,2,1
4348,1,1,1
4349,3,3,1
4350,3,3,1
4351,2,2,1
4352,3,3,1
4353,6,6,1
4354,7,7,1
4355,6,7,0
4356,7,7,1
4357,6,6,1
4358,2,2,1
4359,8,8,1
4360,5,5,1
4361,3,3,1
4362,6,6,1
4363,7,7,1
4364,7,7,1
4365,9,9,1
4366,5,5,1
4367,2,2,1
4368,1,1,1
4369,8,8,1
4370,3,3,1
4371,9,9,1
4372,5,5,1
4373,9,9,1
4374,9,9,1
4375,2,2,1
4376,4,4,1
4377,10,6,0
4378,9,2,0
4379,7,7,1
4380,8,8,1
4381,2,2,1
4382,4,4,1
4383,1,1,1
4384,9,9,1
4385,2,2,1
4386,6,6,1
4387,4,4,1
4388,8,8,1
4389,8,8,1
4390,9,9,1
4391,5,5,1
4392,2,2,1
4393,7,2,0
4394,2,2,1
4395,1,1,1
4396,2,2,1
4397,6,6,1
4398,2,2,1
4399,1,1,1
4400,7,7,1
4401,4,4,1
4402,6,6,1
4403,1,1,1
4404,5,5,1
4405,9,9,1
4406,2,2,1
4407,3,3,1
4408,5,5,1
4409,10,4,0
4410,5,2,0
4411,5,5,1
4412,7,7,1
4413,9,9,1
4414,10,10,1
4415,3,6,0
4416,6,6,1
4417,1,1,1
4418,4,3,0
4419,8,8,1
4420,7,7,1
4421,4,4,1
4422,8,8,1
4423,8,3,0
4424,9,9,1
4425,9,9,1
4426,3,3,1
4427,2,2,1
4428,3,3,1
4429,3,3,1
4430,1,1,1
4431,1,1,1
4432,6,6,1
4433,9,9,1
4434,1,1,1
4435,2,2,1
4436,9,3,0
4437,1,1,1
4438,4,4,1
4439,6,6,1
4440,8,8,1
4441,9,9,1
4442,6,6,1
4443,5,5,1
4444,5,5,1
4445,2,2,1
4446,10,9,0
4447,6,6,1
4448,10,2,0
4449,2,6,0
4450,9,9,1
4451,9,9,1
4452,5,5,1
4453,3,3,1
4454,10,6,0
4455,10,3,0
4456,1,1,1
4457,4,4,1
4458,2,2,1
4459,6,6,1
4460,8,8,1
4461,1,1,1
4462,8,8,1
4463,2,2,1
4464,6,6,1
4465,4,4,1
4466,4,4,1
4467,2,2,1
4468,4,4,1
4469,7,7,1
4470,1,1,1
4471,6,6,1
4472,9,9,1
4473,9,9,1
4474,2,2,1
4475,8,8,1
4476,8,8,1
4477,2,2,1
4478,9,9,1
4479,1,1,1
4480,4,4,1
4481,4,4,1
4482,7,7,1
4483,2,2,1
4484,5,5,1
4485,7,7,1
4486,3,3,1
4487,5,5,1
4488,8,8,1
4489,8,8,1
4490,8,8,1
4491,8,8,1
4492,10,5,0
4493,10,10,1
4494,3,2,0
4495,9,9,1
4496,3,3,1
4497,7,7,1
4498,9,9,1
4499,1,1,1
4500,5,5,1
4501,2,2,1
4502,6,6,1
4503,4,4,1
4504,7,7,1
4505,8,8,1
4506,3,3,1
4507,1,1,1
4508,1,1,1
4509,4,4,1
4510,8,8,1
4511,1,1,1
4512,2,2,1
4513,6,6,1
4514,5,5,1
4515,3,3,1
4516,9,9,1
4517,4,4,1
4518,1,1,1
4519,10,5,0
4520,6,6,1
4521,2,2,1
4522,7,7,1
4523,4,4,1
4524,5,5,1
4525,4,4,1
4526,1,1,1
4527,9,9,1
4528,8,8,1
4529,3,3,1
4530,3,3,1
4531,4,4,1
4532,3,3,1
4533,6,6,1
4534,6,6,1
4535,1,1,1
4536,2,4,0
4537,6,6,1
4538,1,1,1
4539,2,2,1
4540,8,8,1
4541,1,1,1
4542,1,1,1
4543,7,7,1
4544,5,5,1
4545,3,3,1
4546,7,7,1
4547,1,1,1
4548,7,7,1
4549,9,9,1
4550,2,2,1
4551,1,1,1
4552,5,5,1
4553,6,6,1
4554,7,7,1
4555,7,7,1
4556,5,5,1
4557,10,2,0
4558,1,10,0
4559,7,7,1
4560,7,2,0
4561,9,9,1
4562,10,5,0
4563,8,10,0
4564,2,2,1
4565,2,2,1
4566,4,4,1
4567,5,5,1
4568,4,4,1
4569,5,5,1
4570,5,5,1
4571,9,9,1
4572,5,5,1
4573,6,6,1
4574,1,1,1
4575,8,8,1
4576,4,4,1
4577,8,8,1
4578,7,7,1
4579,9,9,1
4580,8,8,1
4581,7,7,1
4582,5,9,0
4583,10,1,0
4584,7,7,1
4585,4,4,1
4586,2,2,1
4587,9,9,1
4588,3,3,1
4589,6,6,1
4590,3,3,1
4591,1,1,1
4592,10,7,0
4593,7,7,1
4594,9,9,1
4595,3,3,1
4596,5,5,1
4597,8,8,1
4598,4,4,1
4599,2,3,0
4600,8,8,1
4601,4,4,1
4602,5,5,1
4603,5,5,1
4604,8,8,1
4605,8,8,1
4606,3,3,1
4607,9,9,1
4608,7,7,1
4609,7,5,0
4610,1,1,1
4611,8,8,1
4612,4,4,1
4613,8,8,1
4614,3,3,1
4615,6,6,1
4616,5,5,1
4617,8,8,1
4618,8,8,1
4619,1,1,1
4620,9,9,1
4621,10,10,1
4622,6,6,1
4623,10,4,0
4624,9,10,0
4625,2,2,1
4626,5,6,0
4627,6,6,1
4628,6,6,1
4629,3,3,1
4630,6,6,1
4631,3,3,1
4632,3,6,0
4633,10,7,0
4634,5,1,0
4635,7,7,1
4636,8,8,1
4637,8,8,1
4638,5,5,1
4639,3,3,1
4640,7,7,1
4641,5,5,1
4642,4,4,1
4643,6,6,1
4644,1,1,1
4645,7,7,1
4646,3,3,1
4647,5,5,1
4648,10,10,1
4649,9,4,0
4650,5,5,1
4651,2,2,1
4652,6,6,1
4653,3,3,1
4654,9,9,1
4655,2,2,1
4656,6,6,1
4657,8,8,1
4658,2,5,0
4659,10,3,0
4660,8,8,1
4661,8,8,1
4662,5,5,1
4663,3,3,1
4664,8,8,1
4665,8,8,1
4666,10,4,0
4667,7,5,0
4668,5,1,0
4669,2,2,1
4670,4,4,1
4671,4,4,1
4672,10,2,0
4673,5,4,0
4674,10,6,0
4675,8,9,0
4676,8,8,1
4677,9,3,0
4678,2,2,1
4679,8,4,0
4680,7,7,1
4681,6,6,1
4682,9,9,1
4683,6,6,1
4684,7,9,0
4685,2,2,1
4686,8,8,1
4687,8,4,0
4688,6,2,0
4689,4,4,1
4690,3,3,1
4691,1,1,1
4692,8,8,1
4693,4,4,1
4694,2,2,1
4695,7,7,1
4696,1,1,1
4697,2,2,1
4698,4,4,1
4699,10,5,0
4700,3,4,0
4701,9,9,1
4702,8,8,1
4703,8,8,1
4704,2,2,1
4705,1,1,1
4706,3,3,1
4707,7,7,1
4708,2,2,1
4709,10,8,0
4710,10,10,1
4711,1,1,1
4712,4,4,1
4713,1,1,1
4714,7,7,1
4715,2,2,1
4716,5,5,1
4717,7,7,1
4718,4,4,1
4719,5,5,1
4720,2,2,1
4721,4,4,1
4722,5,5,1
4723,7,7,1
4724,9,9,1
4725,7,7,1
4726,7,6,0
4727,10,6,0
4728,10,10,1
4729,10,10,1
4730,6,8,0
4731,3,3,1
4732,1,1,1
4733,2,2,1
4734,5,5,1
4735,4,4,1
4736,9,9,1
4737,6,6,1
4738,8,8,1
4739,3,3,1
4740,4,4,1
4741,1,1,1
4742,5,5,1
4743,10,9,0
4744,4,4,1
4745,1,1,1
4746,4,4,1
4747,6,6,1
4748,6,6,1
4749,8,8,1
4750,7,7,1
4751,3,1,0
4752,2,2,1
4753,5,5,1
4754,9,9,1
4755,7,7,1
4756,7,7,1
4757,1,1,1
4758,4,4,1
4759,7,7,1
4760,4,4,1
4761,7,7,1
4762,6,6,1
4763,7,7,1
4764,8,8,1
4765,2,2,1
4766,5,5,1
4767,7,7,1
4768,5,5,1
4769,2,2,1
4770,6,6,1
4771,8,8,1
4772,7,7,1
4773,1,7,0
4774,6,6,1
4775,5,3,0
4776,8,8,1
4777,7,7,1
4778,2,2,1
4779,7,7,1
4780,9,2,0
4781,7,7,1
4782,6,6,1
4783,2,2,1
4784,5,5,1
4785,3,3,1
4786,10,1,0
4787,10,10,1
4788,2,9,0
4789,3,3,1
4790,3,3,1
4791,8,8,1
4792,8,8,1
4793,4,4,1
4794,9,9,1
4795,2,2,1
4796,8,7,0
4797,4,4,1
4798,6,6,1
4799,5,5,1
4800,9,9,1
4801,5,5,1
4802,2,2,1
4803,3,3,1
4804,3,3,1
4805,5,5,1
4806,2,2,1
4807,5,5,1
4808,6,6,1
4809,8,8,1
4810,7,7,1
4811,9,9,1
4812,1,1,1
4813,1,1,1
4814,3,6,0
4815,7,7,1
4816,3,3,1
4817,9,9,1
4818,1,1,1
4819,3,3,1
4820,4,4,1
4821,1,1,1
4822,8,1,0
4823,6,6,1
4824,6,6,1
4825,1,1,1
4826,10,4,0
4827,10,10,1
4828,1,5,0
4829,5,5,1
4830,7,7,1
4831,4,7,0
4832,6,6,1
4833,8,8,1
4834,2,2,1
4835,4,4,1
4836,8,8,1
4837,7,7,1
4838,4,4,1
4839,6,6,1
4840,9,9,1
4841,8,8,1
4842,9,9,1
4843,2,2,1
4844,5,5,1
4845,7,7,1
4846,8,8,1
4847,8,8,1
4848,3,3,1
4849,5,5,1
4850,7,7,1
4851,4,4,1
4852,5,5,1
4853,2,2,1
4854,1,1,1
4855,5,9,0
4856,2,2,1
4857,1,8,0
4858,5,5,1
4859,8,6,0
4860,4,4,1
4861,5,5,1
4862,6,6,1
4863,1,1,1
4864,3,3,1
4865,7,7,1
4866,6,6,1
4867,4,4,1
4868,4,4,1
4869,1,1,1
4870,1,1,1
4871,7,7,1
4872,10,7,0
4873,3,5,0
4874,4,4,1
4875,7,7,1
4876,9,9,1
4877,4,4,1
4878,4,4,1
4879,1,1,1
4880,10,1,0
4881,4,4,1
4882,1,1,1
4883,2,2,1
4884,3,3,1
4885,6,6,1
4886,10,3,0
4887,3,9,0
4888,2,2,1
4889,5,5,1
4890,6,6,1
4891,5,5,1
4892,7,7,1
4893,3,3,1
4894,4,4,1
4895,4,3,0
4896,9,9,1
4897,6,6,1
4898,8,8,1
4899,6,6,1
4900,3,3,1
4901,5,5,1
4902,8,8,1
4903,7,7,1
